item,itemSupport,frontItem,frontItemSupport,endItem,endItemSupport,calcSupport
"[""10"",""7131""]",0.151595745,"[""10""]",0.510638298,"[""7131""]",0.271276596,0.296875001
"[""10"",""7131""]",0.151595745,"[""7131""]",0.271276596,"[""10""]",0.510638298,0.55882353
"[""10"",""7151""]",0.159574468,"[""10""]",0.510638298,"[""7151""]",0.311170213,0.3125
"[""10"",""7151""]",0.159574468,"[""7151""]",0.311170213,"[""10""]",0.510638298,0.512820512
"[""10"",""7170""]",0.207446809,"[""10""]",0.510638298,"[""7170""]",0.369680851,0.406250001
"[""10"",""7170""]",0.207446809,"[""7170""]",0.369680851,"[""10""]",0.510638298,0.561151081
"[""10"",""7180""]",0.188829787,"[""10""]",0.510638298,"[""7180""]",0.343085106,0.369791666
"[""10"",""7180""]",0.188829787,"[""7180""]",0.343085106,"[""10""]",0.510638298,0.550387597
"[""10"",""7270""]",0.167553191,"[""10""]",0.510638298,"[""7270""]",0.321808511,0.328124999
"[""10"",""7270""]",0.167553191,"[""7270""]",0.321808511,"[""10""]",0.510638298,0.520661155
"[""11"",""21""]",0.164893617,"[""11""]",0.489361702,"[""21""]",0.164893617,0.336956522
"[""11"",""21""]",0.164893617,"[""21""]",0.164893617,"[""11""]",0.489361702,1
"[""11"",""41""]",0.210106383,"[""11""]",0.489361702,"[""41""]",0.210106383,0.429347826
"[""11"",""41""]",0.210106383,"[""41""]",0.210106383,"[""11""]",0.489361702,1
"[""11"",""22""]",0.199468085,"[""11""]",0.489361702,"[""22""]",0.199468085,0.407608696
"[""11"",""22""]",0.199468085,"[""22""]",0.199468085,"[""11""]",0.489361702,1
"[""11"",""52""]",0.167553191,"[""11""]",0.489361702,"[""52""]",0.167553191,0.342391303
"[""11"",""52""]",0.167553191,"[""52""]",0.167553191,"[""11""]",0.489361702,1
"[""11"",""7151""]",0.151595745,"[""11""]",0.489361702,"[""7151""]",0.311170213,0.309782609
"[""11"",""7151""]",0.151595745,"[""7151""]",0.311170213,"[""11""]",0.489361702,0.487179488
"[""11"",""7170""]",0.162234043,"[""11""]",0.489361702,"[""7170""]",0.369680851,0.33152174
"[""11"",""7170""]",0.162234043,"[""7170""]",0.369680851,"[""11""]",0.489361702,0.438848922
"[""11"",""7180""]",0.154255319,"[""11""]",0.489361702,"[""7180""]",0.343085106,0.315217391
"[""11"",""7180""]",0.154255319,"[""7180""]",0.343085106,"[""11""]",0.489361702,0.449612403
"[""11"",""7270""]",0.154255319,"[""11""]",0.489361702,"[""7270""]",0.321808511,0.315217391
"[""11"",""7270""]",0.154255319,"[""7270""]",0.321808511,"[""11""]",0.489361702,0.479338842
"[""11"",""7330""]",0.151595745,"[""11""]",0.489361702,"[""7330""]",0.151595745,0.309782609
"[""11"",""7330""]",0.151595745,"[""7330""]",0.151595745,"[""11""]",0.489361702,1
"[""11"",""82""]",0.151595745,"[""11""]",0.489361702,"[""82""]",0.151595745,0.309782609
"[""11"",""82""]",0.151595745,"[""82""]",0.151595745,"[""11""]",0.489361702,1
"[""11"",""84""]",0.204787234,"[""11""]",0.489361702,"[""84""]",0.204787234,0.418478261
"[""11"",""84""]",0.204787234,"[""84""]",0.204787234,"[""11""]",0.489361702,1
"[""7210"",""7150""]",0.159574468,"[""7210""]",0.231382979,"[""7150""]",0.247340426,0.689655171
"[""7210"",""7150""]",0.159574468,"[""7150""]",0.247340426,"[""7210""]",0.231382979,0.645161289
"[""7210"",""7170""]",0.191489362,"[""7210""]",0.231382979,"[""7170""]",0.369680851,0.827586207
"[""7210"",""7170""]",0.191489362,"[""7170""]",0.369680851,"[""7210""]",0.231382979,0.517985612
"[""7210"",""7180""]",0.186170213,"[""7210""]",0.231382979,"[""7180""]",0.343085106,0.804597701
"[""7210"",""7180""]",0.186170213,"[""7180""]",0.343085106,"[""7210""]",0.231382979,0.54263566
"[""7210"",""7270""]",0.194148936,"[""7210""]",0.231382979,"[""7270""]",0.321808511,0.839080458
"[""7210"",""7270""]",0.194148936,"[""7270""]",0.321808511,"[""7210""]",0.231382979,0.603305784
"[""7210"",""7240""]",0.17287234,"[""7210""]",0.231382979,"[""7240""]",0.228723404,0.747126434
"[""7210"",""7240""]",0.17287234,"[""7240""]",0.228723404,"[""7210""]",0.231382979,0.755813952
"[""7210"",""7260""]",0.159574468,"[""7210""]",0.231382979,"[""7260""]",0.212765957,0.689655171
"[""7210"",""7260""]",0.159574468,"[""7260""]",0.212765957,"[""7210""]",0.231382979,0.750000001
"[""7210"",""7290""]",0.167553191,"[""7210""]",0.231382979,"[""7290""]",0.276595745,0.724137928
"[""7210"",""7290""]",0.167553191,"[""7290""]",0.276595745,"[""7210""]",0.231382979,0.605769228
"[""7120"",""7170""]",0.154255319,"[""7120""]",0.175531915,"[""7170""]",0.369680851,0.878787877
"[""7120"",""7170""]",0.154255319,"[""7170""]",0.369680851,"[""7120""]",0.175531915,0.417266187
"[""7121"",""7151""]",0.159574468,"[""7121""]",0.279255319,"[""7151""]",0.311170213,0.571428571
"[""7121"",""7151""]",0.159574468,"[""7151""]",0.311170213,"[""7121""]",0.279255319,0.512820512
"[""7121"",""7231""]",0.151595745,"[""7121""]",0.279255319,"[""7231""]",0.281914894,0.542857144
"[""7121"",""7231""]",0.151595745,"[""7231""]",0.281914894,"[""7121""]",0.279255319,0.537735849
"[""7130"",""7150""]",0.17287234,"[""7130""]",0.244680851,"[""7150""]",0.247340426,0.706521738
"[""7130"",""7150""]",0.17287234,"[""7150""]",0.247340426,"[""7130""]",0.244680851,0.698924728
"[""7130"",""7170""]",0.215425532,"[""7130""]",0.244680851,"[""7170""]",0.369680851,0.880434783
"[""7130"",""7170""]",0.215425532,"[""7170""]",0.369680851,"[""7130""]",0.244680851,0.582733813
"[""7130"",""7180""]",0.188829787,"[""7130""]",0.244680851,"[""7180""]",0.343085106,0.77173913
"[""7130"",""7180""]",0.188829787,"[""7180""]",0.343085106,"[""7130""]",0.244680851,0.550387597
"[""7130"",""7270""]",0.180851064,"[""7130""]",0.244680851,"[""7270""]",0.321808511,0.739130436
"[""7130"",""7270""]",0.180851064,"[""7270""]",0.321808511,"[""7130""]",0.244680851,0.561983471
"[""7130"",""7240""]",0.159574468,"[""7130""]",0.244680851,"[""7240""]",0.228723404,0.652173913
"[""7130"",""7240""]",0.159574468,"[""7240""]",0.228723404,"[""7130""]",0.244680851,0.697674419
"[""7130"",""7230""]",0.156914894,"[""7130""]",0.244680851,"[""7230""]",0.218085106,0.64130435
"[""7130"",""7230""]",0.156914894,"[""7230""]",0.218085106,"[""7130""]",0.244680851,0.719512198
"[""7130"",""7290""]",0.164893617,"[""7130""]",0.244680851,"[""7290""]",0.276595745,0.673913044
"[""7130"",""7290""]",0.164893617,"[""7290""]",0.276595745,"[""7130""]",0.244680851,0.596153845
"[""7131"",""7151""]",0.167553191,"[""7131""]",0.271276596,"[""7151""]",0.311170213,0.617647056
"[""7131"",""7151""]",0.167553191,"[""7151""]",0.311170213,"[""7131""]",0.271276596,0.538461536
"[""7151"",""7171""]",0.170212766,"[""7151""]",0.311170213,"[""7171""]",0.265957447,0.547008547
"[""7151"",""7171""]",0.170212766,"[""7171""]",0.265957447,"[""7151""]",0.311170213,0.64
"[""7151"",""7191""]",0.175531915,"[""7151""]",0.311170213,"[""7191""]",0.252659574,0.564102564
"[""7151"",""7191""]",0.175531915,"[""7191""]",0.252659574,"[""7151""]",0.311170213,0.694736844
"[""7151"",""7181""]",0.159574468,"[""7151""]",0.311170213,"[""7181""]",0.234042553,0.512820512
"[""7151"",""7181""]",0.159574468,"[""7181""]",0.234042553,"[""7151""]",0.311170213,0.681818182
"[""7151"",""7211""]",0.154255319,"[""7151""]",0.311170213,"[""7211""]",0.239361702,0.495726495
"[""7151"",""7211""]",0.154255319,"[""7211""]",0.239361702,"[""7151""]",0.311170213,0.644444444
"[""7151"",""7241""]",0.188829787,"[""7151""]",0.311170213,"[""7241""]",0.292553191,0.606837606
"[""7151"",""7241""]",0.188829787,"[""7241""]",0.292553191,"[""7151""]",0.311170213,0.645454546
"[""7151"",""7261""]",0.164893617,"[""7151""]",0.311170213,"[""7261""]",0.265957447,0.529914529
"[""7151"",""7261""]",0.164893617,"[""7261""]",0.265957447,"[""7151""]",0.311170213,0.619999999
"[""7151"",""7291""]",0.151595745,"[""7151""]",0.311170213,"[""7291""]",0.247340426,0.487179488
"[""7151"",""7291""]",0.151595745,"[""7291""]",0.247340426,"[""7151""]",0.311170213,0.612903226
"[""7150"",""7170""]",0.210106383,"[""7150""]",0.247340426,"[""7170""]",0.369680851,0.849462364
"[""7150"",""7170""]",0.210106383,"[""7170""]",0.369680851,"[""7150""]",0.247340426,0.568345324
"[""7150"",""7190""]",0.167553191,"[""7150""]",0.247340426,"[""7190""]",0.239361702,0.677419352
"[""7150"",""7190""]",0.167553191,"[""7190""]",0.239361702,"[""7150""]",0.247340426,0.699999998
"[""7150"",""7180""]",0.212765957,"[""7150""]",0.247340426,"[""7180""]",0.343085106,0.86021505
"[""7150"",""7180""]",0.212765957,"[""7180""]",0.343085106,"[""7150""]",0.247340426,0.620155038
"[""7150"",""7270""]",0.188829787,"[""7150""]",0.247340426,"[""7270""]",0.321808511,0.763440858
"[""7150"",""7270""]",0.188829787,"[""7270""]",0.321808511,"[""7150""]",0.247340426,0.586776858
"[""7150"",""7240""]",0.164893617,"[""7150""]",0.247340426,"[""7240""]",0.228723404,0.666666665
"[""7150"",""7240""]",0.164893617,"[""7240""]",0.228723404,"[""7150""]",0.247340426,0.720930233
"[""7150"",""7230""]",0.156914894,"[""7150""]",0.247340426,"[""7230""]",0.218085106,0.634408602
"[""7150"",""7230""]",0.156914894,"[""7230""]",0.218085106,"[""7150""]",0.247340426,0.719512198
"[""7150"",""7290""]",0.180851064,"[""7150""]",0.247340426,"[""7290""]",0.276595745,0.731182795
"[""7150"",""7290""]",0.180851064,"[""7290""]",0.276595745,"[""7150""]",0.247340426,0.653846154
"[""7171"",""7181""]",0.170212766,"[""7171""]",0.265957447,"[""7181""]",0.234042553,0.64
"[""7171"",""7181""]",0.170212766,"[""7181""]",0.234042553,"[""7171""]",0.265957447,0.727272728
"[""7171"",""7241""]",0.154255319,"[""7171""]",0.265957447,"[""7241""]",0.292553191,0.579999999
"[""7171"",""7241""]",0.154255319,"[""7241""]",0.292553191,"[""7171""]",0.265957447,0.527272728
"[""7171"",""7271""]",0.154255319,"[""7171""]",0.265957447,"[""7271""]",0.27393617,0.579999999
"[""7171"",""7271""]",0.154255319,"[""7271""]",0.27393617,"[""7171""]",0.265957447,0.563106796
"[""7170"",""7190""]",0.215425532,"[""7170""]",0.369680851,"[""7190""]",0.239361702,0.582733813
"[""7170"",""7190""]",0.215425532,"[""7190""]",0.239361702,"[""7170""]",0.369680851,0.900000001
"[""7170"",""7180""]",0.289893617,"[""7170""]",0.369680851,"[""7180""]",0.343085106,0.784172662
"[""7170"",""7180""]",0.289893617,"[""7180""]",0.343085106,"[""7170""]",0.369680851,0.844961241
"[""7170"",""7270""]",0.25,"[""7170""]",0.369680851,"[""7270""]",0.321808511,0.676258993
"[""7170"",""7270""]",0.25,"[""7270""]",0.321808511,"[""7170""]",0.369680851,0.776859503
"[""7170"",""7240""]",0.186170213,"[""7170""]",0.369680851,"[""7240""]",0.228723404,0.503597123
"[""7170"",""7240""]",0.186170213,"[""7240""]",0.228723404,"[""7170""]",0.369680851,0.81395349
"[""7170"",""7260""]",0.159574468,"[""7170""]",0.369680851,"[""7260""]",0.212765957,0.431654676
"[""7170"",""7260""]",0.159574468,"[""7260""]",0.212765957,"[""7170""]",0.369680851,0.750000001
"[""7170"",""7230""]",0.191489362,"[""7170""]",0.369680851,"[""7230""]",0.218085106,0.517985612
"[""7170"",""7230""]",0.191489362,"[""7230""]",0.218085106,"[""7170""]",0.369680851,0.878048783
"[""7170"",""7280""]",0.159574468,"[""7170""]",0.369680851,"[""7280""]",0.210106383,0.431654676
"[""7170"",""7280""]",0.159574468,"[""7280""]",0.210106383,"[""7170""]",0.369680851,0.75949367
"[""7170"",""7290""]",0.218085106,"[""7170""]",0.369680851,"[""7290""]",0.276595745,0.589928057
"[""7170"",""7290""]",0.218085106,"[""7290""]",0.276595745,"[""7170""]",0.369680851,0.788461536
"[""7190"",""7180""]",0.215425532,"[""7190""]",0.239361702,"[""7180""]",0.343085106,0.900000001
"[""7190"",""7180""]",0.215425532,"[""7180""]",0.343085106,"[""7190""]",0.239361702,0.627906978
"[""7190"",""7270""]",0.186170213,"[""7190""]",0.239361702,"[""7270""]",0.321808511,0.777777779
"[""7190"",""7270""]",0.186170213,"[""7270""]",0.321808511,"[""7190""]",0.239361702,0.578512397
"[""7190"",""7290""]",0.178191489,"[""7190""]",0.239361702,"[""7290""]",0.276595745,0.744444443
"[""7190"",""7290""]",0.178191489,"[""7290""]",0.276595745,"[""7190""]",0.239361702,0.644230767
"[""7180"",""7270""]",0.242021277,"[""7180""]",0.343085106,"[""7270""]",0.321808511,0.705426359
"[""7180"",""7270""]",0.242021277,"[""7270""]",0.321808511,"[""7180""]",0.343085106,0.752066116
"[""7180"",""7240""]",0.175531915,"[""7180""]",0.343085106,"[""7240""]",0.228723404,0.511627908
"[""7180"",""7240""]",0.175531915,"[""7240""]",0.228723404,"[""7180""]",0.343085106,0.767441862
"[""7180"",""7260""]",0.154255319,"[""7180""]",0.343085106,"[""7260""]",0.212765957,0.449612403
"[""7180"",""7260""]",0.154255319,"[""7260""]",0.212765957,"[""7180""]",0.343085106,0.725000001
"[""7180"",""7230""]",0.17287234,"[""7180""]",0.343085106,"[""7230""]",0.218085106,0.503875968
"[""7180"",""7230""]",0.17287234,"[""7230""]",0.218085106,"[""7180""]",0.343085106,0.792682926
"[""7180"",""7280""]",0.162234043,"[""7180""]",0.343085106,"[""7280""]",0.210106383,0.472868219
"[""7180"",""7280""]",0.162234043,"[""7280""]",0.210106383,"[""7180""]",0.343085106,0.772151901
"[""7180"",""7290""]",0.210106383,"[""7180""]",0.343085106,"[""7290""]",0.276595745,0.612403102
"[""7180"",""7290""]",0.210106383,"[""7290""]",0.276595745,"[""7180""]",0.343085106,0.759615384
"[""7270"",""7240""]",0.199468085,"[""7270""]",0.321808511,"[""7240""]",0.228723404,0.61983471
"[""7270"",""7240""]",0.199468085,"[""7240""]",0.228723404,"[""7270""]",0.321808511,0.872093024
"[""7270"",""7250""]",0.151595745,"[""7270""]",0.321808511,"[""7250""]",0.191489362,0.471074381
"[""7270"",""7250""]",0.151595745,"[""7250""]",0.191489362,"[""7270""]",0.321808511,0.791666667
"[""7270"",""7260""]",0.178191489,"[""7270""]",0.321808511,"[""7260""]",0.212765957,0.553719007
"[""7270"",""7260""]",0.178191489,"[""7260""]",0.212765957,"[""7270""]",0.321808511,0.8375
"[""7270"",""7230""]",0.183510638,"[""7270""]",0.321808511,"[""7230""]",0.218085106,0.570247932
"[""7270"",""7230""]",0.183510638,"[""7230""]",0.218085106,"[""7270""]",0.321808511,0.841463415
"[""7270"",""7280""]",0.188829787,"[""7270""]",0.321808511,"[""7280""]",0.210106383,0.586776858
"[""7270"",""7280""]",0.188829787,"[""7280""]",0.210106383,"[""7270""]",0.321808511,0.898734176
"[""7270"",""7290""]",0.234042553,"[""7270""]",0.321808511,"[""7290""]",0.276595745,0.727272726
"[""7270"",""7290""]",0.234042553,"[""7290""]",0.276595745,"[""7270""]",0.321808511,0.846153844
"[""7211"",""7241""]",0.164893617,"[""7211""]",0.239361702,"[""7241""]",0.292553191,0.688888889
"[""7211"",""7241""]",0.164893617,"[""7241""]",0.292553191,"[""7211""]",0.239361702,0.563636365
"[""7211"",""7261""]",0.159574468,"[""7211""]",0.239361702,"[""7261""]",0.265957447,0.666666667
"[""7211"",""7261""]",0.159574468,"[""7261""]",0.265957447,"[""7211""]",0.239361702,0.599999999
"[""7211"",""7271""]",0.156914894,"[""7211""]",0.239361702,"[""7271""]",0.27393617,0.655555558
"[""7211"",""7271""]",0.156914894,"[""7271""]",0.27393617,"[""7211""]",0.239361702,0.572815536
"[""7281"",""7241""]",0.154255319,"[""7281""]",0.255319149,"[""7241""]",0.292553191,0.604166666
"[""7281"",""7241""]",0.154255319,"[""7241""]",0.292553191,"[""7281""]",0.255319149,0.527272728
"[""7281"",""7261""]",0.151595745,"[""7281""]",0.255319149,"[""7261""]",0.265957447,0.593750001
"[""7281"",""7261""]",0.151595745,"[""7261""]",0.265957447,"[""7281""]",0.255319149,0.570000001
"[""7281"",""7271""]",0.151595745,"[""7281""]",0.255319149,"[""7271""]",0.27393617,0.593750001
"[""7281"",""7271""]",0.151595745,"[""7271""]",0.27393617,"[""7281""]",0.255319149,0.55339806
"[""7240"",""7260""]",0.162234043,"[""7240""]",0.228723404,"[""7260""]",0.212765957,0.709302328
"[""7240"",""7260""]",0.162234043,"[""7260""]",0.212765957,"[""7240""]",0.228723404,0.762500004
"[""7240"",""7230""]",0.156914894,"[""7240""]",0.228723404,"[""7230""]",0.218085106,0.686046514
"[""7240"",""7230""]",0.156914894,"[""7230""]",0.218085106,"[""7240""]",0.228723404,0.719512198
"[""7240"",""7290""]",0.180851064,"[""7240""]",0.228723404,"[""7290""]",0.276595745,0.790697676
"[""7240"",""7290""]",0.180851064,"[""7290""]",0.276595745,"[""7240""]",0.228723404,0.653846154
"[""7241"",""7231""]",0.175531915,"[""7241""]",0.292553191,"[""7231""]",0.281914894,0.600000001
"[""7241"",""7231""]",0.175531915,"[""7231""]",0.281914894,"[""7241""]",0.292553191,0.622641509
"[""7241"",""7251""]",0.156914894,"[""7241""]",0.292553191,"[""7251""]",0.252659574,0.536363639
"[""7241"",""7251""]",0.156914894,"[""7251""]",0.252659574,"[""7241""]",0.292553191,0.621052634
"[""7241"",""7261""]",0.180851064,"[""7241""]",0.292553191,"[""7261""]",0.265957447,0.61818182
"[""7241"",""7261""]",0.180851064,"[""7261""]",0.265957447,"[""7241""]",0.292553191,0.68
"[""7241"",""7271""]",0.175531915,"[""7241""]",0.292553191,"[""7271""]",0.27393617,0.600000001
"[""7241"",""7271""]",0.175531915,"[""7271""]",0.27393617,"[""7241""]",0.292553191,0.6407767
"[""7241"",""7291""]",0.17287234,"[""7241""]",0.292553191,"[""7291""]",0.247340426,0.59090909
"[""7241"",""7291""]",0.17287234,"[""7291""]",0.247340426,"[""7241""]",0.292553191,0.698924728
"[""7231"",""7251""]",0.154255319,"[""7231""]",0.281914894,"[""7251""]",0.252659574,0.54716981
"[""7231"",""7251""]",0.154255319,"[""7251""]",0.252659574,"[""7231""]",0.281914894,0.610526316
"[""7231"",""7261""]",0.156914894,"[""7231""]",0.281914894,"[""7261""]",0.265957447,0.556603774
"[""7231"",""7261""]",0.156914894,"[""7261""]",0.265957447,"[""7231""]",0.281914894,0.590000001
"[""7231"",""7291""]",0.154255319,"[""7231""]",0.281914894,"[""7291""]",0.247340426,0.54716981
"[""7231"",""7291""]",0.154255319,"[""7291""]",0.247340426,"[""7231""]",0.281914894,0.623655912
"[""7250"",""7290""]",0.151595745,"[""7250""]",0.191489362,"[""7290""]",0.276595745,0.791666667
"[""7250"",""7290""]",0.151595745,"[""7290""]",0.276595745,"[""7250""]",0.191489362,0.548076924
"[""7251"",""7261""]",0.151595745,"[""7251""]",0.252659574,"[""7261""]",0.265957447,0.600000002
"[""7251"",""7261""]",0.151595745,"[""7261""]",0.265957447,"[""7251""]",0.252659574,0.570000001
"[""7260"",""7290""]",0.17287234,"[""7260""]",0.212765957,"[""7290""]",0.276595745,0.8125
"[""7260"",""7290""]",0.17287234,"[""7290""]",0.276595745,"[""7260""]",0.212765957,0.624999998
"[""7261"",""7271""]",0.154255319,"[""7261""]",0.265957447,"[""7271""]",0.27393617,0.579999999
"[""7261"",""7271""]",0.154255319,"[""7271""]",0.27393617,"[""7261""]",0.265957447,0.563106796
"[""7261"",""7291""]",0.151595745,"[""7261""]",0.265957447,"[""7291""]",0.247340426,0.570000001
"[""7261"",""7291""]",0.151595745,"[""7291""]",0.247340426,"[""7261""]",0.265957447,0.612903226
"[""7230"",""7290""]",0.17287234,"[""7230""]",0.218085106,"[""7290""]",0.276595745,0.792682926
"[""7230"",""7290""]",0.17287234,"[""7290""]",0.276595745,"[""7230""]",0.218085106,0.624999998
"[""7271"",""7291""]",0.156914894,"[""7271""]",0.27393617,"[""7291""]",0.247340426,0.572815536
"[""7271"",""7291""]",0.156914894,"[""7291""]",0.247340426,"[""7271""]",0.27393617,0.634408602
"[""7280"",""7290""]",0.178191489,"[""7280""]",0.210106383,"[""7290""]",0.276595745,0.848101264
"[""7280"",""7290""]",0.178191489,"[""7290""]",0.276595745,"[""7280""]",0.210106383,0.644230767
"[""10"",""7170"",""7180""]",0.156914894,"[""10""]",0.510638298,"[""7170"",""7180""]",0.289893617,0.307291667
"[""10"",""7170"",""7180""]",0.156914894,"[""7170""]",0.369680851,"[""10"",""7180""]",0.188829787,0.424460433
"[""10"",""7170"",""7180""]",0.156914894,"[""7180""]",0.343085106,"[""10"",""7170""]",0.207446809,0.457364343
"[""10"",""7170"",""7180""]",0.156914894,"[""10"",""7170""]",0.207446809,"[""7180""]",0.343085106,0.756410256
"[""10"",""7170"",""7180""]",0.156914894,"[""10"",""7180""]",0.188829787,"[""7170""]",0.369680851,0.830985919
"[""10"",""7170"",""7180""]",0.156914894,"[""7170"",""7180""]",0.289893617,"[""10""]",0.510638298,0.541284405
"[""7210"",""7170"",""7180""]",0.167553191,"[""7210""]",0.231382979,"[""7170"",""7180""]",0.289893617,0.724137928
"[""7210"",""7170"",""7180""]",0.167553191,"[""7170""]",0.369680851,"[""7210"",""7180""]",0.186170213,0.453237409
"[""7210"",""7170"",""7180""]",0.167553191,"[""7180""]",0.343085106,"[""7210"",""7170""]",0.191489362,0.488372092
"[""7210"",""7170"",""7180""]",0.167553191,"[""7210"",""7170""]",0.191489362,"[""7180""]",0.343085106,0.874999996
"[""7210"",""7170"",""7180""]",0.167553191,"[""7210"",""7180""]",0.186170213,"[""7170""]",0.369680851,0.899999996
"[""7210"",""7170"",""7180""]",0.167553191,"[""7170"",""7180""]",0.289893617,"[""7210""]",0.231382979,0.57798165
"[""7210"",""7170"",""7270""]",0.162234043,"[""7210""]",0.231382979,"[""7170"",""7270""]",0.25,0.701149426
"[""7210"",""7170"",""7270""]",0.162234043,"[""7170""]",0.369680851,"[""7210"",""7270""]",0.194148936,0.438848922
"[""7210"",""7170"",""7270""]",0.162234043,"[""7270""]",0.321808511,"[""7210"",""7170""]",0.191489362,0.504132232
"[""7210"",""7170"",""7270""]",0.162234043,"[""7210"",""7170""]",0.191489362,"[""7270""]",0.321808511,0.847222223
"[""7210"",""7170"",""7270""]",0.162234043,"[""7210"",""7270""]",0.194148936,"[""7170""]",0.369680851,0.835616441
"[""7210"",""7170"",""7270""]",0.162234043,"[""7170"",""7270""]",0.25,"[""7210""]",0.231382979,0.648936172
"[""7210"",""7180"",""7270""]",0.167553191,"[""7210""]",0.231382979,"[""7180"",""7270""]",0.242021277,0.724137928
"[""7210"",""7180"",""7270""]",0.167553191,"[""7180""]",0.343085106,"[""7210"",""7270""]",0.194148936,0.488372092
"[""7210"",""7180"",""7270""]",0.167553191,"[""7270""]",0.321808511,"[""7210"",""7180""]",0.186170213,0.520661155
"[""7210"",""7180"",""7270""]",0.167553191,"[""7210"",""7180""]",0.186170213,"[""7270""]",0.321808511,0.899999996
"[""7210"",""7180"",""7270""]",0.167553191,"[""7210"",""7270""]",0.194148936,"[""7180""]",0.343085106,0.863013697
"[""7210"",""7180"",""7270""]",0.167553191,"[""7180"",""7270""]",0.242021277,"[""7210""]",0.231382979,0.692307689
"[""7210"",""7270"",""7240""]",0.159574468,"[""7210""]",0.231382979,"[""7270"",""7240""]",0.199468085,0.689655171
"[""7210"",""7270"",""7240""]",0.159574468,"[""7270""]",0.321808511,"[""7210"",""7240""]",0.17287234,0.495867768
"[""7210"",""7270"",""7240""]",0.159574468,"[""7240""]",0.228723404,"[""7210"",""7270""]",0.194148936,0.697674419
"[""7210"",""7270"",""7240""]",0.159574468,"[""7210"",""7270""]",0.194148936,"[""7240""]",0.228723404,0.821917809
"[""7210"",""7270"",""7240""]",0.159574468,"[""7210"",""7240""]",0.17287234,"[""7270""]",0.321808511,0.923076925
"[""7210"",""7270"",""7240""]",0.159574468,"[""7270"",""7240""]",0.199468085,"[""7210""]",0.231382979,0.8
"[""7210"",""7270"",""7290""]",0.156914894,"[""7210""]",0.231382979,"[""7270"",""7290""]",0.234042553,0.67816092
"[""7210"",""7270"",""7290""]",0.156914894,"[""7270""]",0.321808511,"[""7210"",""7290""]",0.167553191,0.487603306
"[""7210"",""7270"",""7290""]",0.156914894,"[""7290""]",0.276595745,"[""7210"",""7270""]",0.194148936,0.567307693
"[""7210"",""7270"",""7290""]",0.156914894,"[""7210"",""7270""]",0.194148936,"[""7290""]",0.276595745,0.808219181
"[""7210"",""7270"",""7290""]",0.156914894,"[""7210"",""7290""]",0.167553191,"[""7270""]",0.321808511,0.936507942
"[""7210"",""7270"",""7290""]",0.156914894,"[""7270"",""7290""]",0.234042553,"[""7210""]",0.231382979,0.670454548
"[""7130"",""7150"",""7170""]",0.156914894,"[""7130""]",0.244680851,"[""7150"",""7170""]",0.210106383,0.64130435
"[""7130"",""7150"",""7170""]",0.156914894,"[""7150""]",0.247340426,"[""7130"",""7170""]",0.215425532,0.634408602
"[""7130"",""7150"",""7170""]",0.156914894,"[""7170""]",0.369680851,"[""7130"",""7150""]",0.17287234,0.424460433
"[""7130"",""7150"",""7170""]",0.156914894,"[""7130"",""7150""]",0.17287234,"[""7170""]",0.369680851,0.907692312
"[""7130"",""7150"",""7170""]",0.156914894,"[""7130"",""7170""]",0.215425532,"[""7150""]",0.247340426,0.728395063
"[""7130"",""7150"",""7170""]",0.156914894,"[""7150"",""7170""]",0.210106383,"[""7130""]",0.244680851,0.746835445
"[""7130"",""7150"",""7180""]",0.154255319,"[""7130""]",0.244680851,"[""7150"",""7180""]",0.212765957,0.630434782
"[""7130"",""7150"",""7180""]",0.154255319,"[""7150""]",0.247340426,"[""7130"",""7180""]",0.188829787,0.623655912
"[""7130"",""7150"",""7180""]",0.154255319,"[""7180""]",0.343085106,"[""7130"",""7150""]",0.17287234,0.449612403
"[""7130"",""7150"",""7180""]",0.154255319,"[""7130"",""7150""]",0.17287234,"[""7180""]",0.343085106,0.892307694
"[""7130"",""7150"",""7180""]",0.154255319,"[""7130"",""7180""]",0.188829787,"[""7150""]",0.247340426,0.816901409
"[""7130"",""7150"",""7180""]",0.154255319,"[""7150"",""7180""]",0.212765957,"[""7130""]",0.244680851,0.725000001
"[""7130"",""7170"",""7180""]",0.175531915,"[""7130""]",0.244680851,"[""7170"",""7180""]",0.289893617,0.717391305
"[""7130"",""7170"",""7180""]",0.175531915,"[""7170""]",0.369680851,"[""7130"",""7180""]",0.188829787,0.474820144
"[""7130"",""7170"",""7180""]",0.175531915,"[""7180""]",0.343085106,"[""7130"",""7170""]",0.215425532,0.511627908
"[""7130"",""7170"",""7180""]",0.175531915,"[""7130"",""7170""]",0.215425532,"[""7180""]",0.343085106,0.814814815
"[""7130"",""7170"",""7180""]",0.175531915,"[""7130"",""7180""]",0.188829787,"[""7170""]",0.369680851,0.929577467
"[""7130"",""7170"",""7180""]",0.175531915,"[""7170"",""7180""]",0.289893617,"[""7130""]",0.244680851,0.605504588
"[""7130"",""7170"",""7270""]",0.170212766,"[""7130""]",0.244680851,"[""7170"",""7270""]",0.25,0.695652174
"[""7130"",""7170"",""7270""]",0.170212766,"[""7170""]",0.369680851,"[""7130"",""7270""]",0.180851064,0.460431655
"[""7130"",""7170"",""7270""]",0.170212766,"[""7270""]",0.321808511,"[""7130"",""7170""]",0.215425532,0.528925619
"[""7130"",""7170"",""7270""]",0.170212766,"[""7130"",""7170""]",0.215425532,"[""7270""]",0.321808511,0.790123457
"[""7130"",""7170"",""7270""]",0.170212766,"[""7130"",""7270""]",0.180851064,"[""7170""]",0.369680851,0.94117647
"[""7130"",""7170"",""7270""]",0.170212766,"[""7170"",""7270""]",0.25,"[""7130""]",0.244680851,0.680851064
"[""7130"",""7170"",""7230""]",0.151595745,"[""7130""]",0.244680851,"[""7170"",""7230""]",0.191489362,0.619565219
"[""7130"",""7170"",""7230""]",0.151595745,"[""7170""]",0.369680851,"[""7130"",""7230""]",0.156914894,0.410071943
"[""7130"",""7170"",""7230""]",0.151595745,"[""7230""]",0.218085106,"[""7130"",""7170""]",0.215425532,0.695121954
"[""7130"",""7170"",""7230""]",0.151595745,"[""7130"",""7170""]",0.215425532,"[""7230""]",0.218085106,0.703703705
"[""7130"",""7170"",""7230""]",0.151595745,"[""7130"",""7230""]",0.156914894,"[""7170""]",0.369680851,0.966101695
"[""7130"",""7170"",""7230""]",0.151595745,"[""7170"",""7230""]",0.191489362,"[""7130""]",0.244680851,0.791666667
"[""7130"",""7170"",""7290""]",0.151595745,"[""7130""]",0.244680851,"[""7170"",""7290""]",0.218085106,0.619565219
"[""7130"",""7170"",""7290""]",0.151595745,"[""7170""]",0.369680851,"[""7130"",""7290""]",0.164893617,0.410071943
"[""7130"",""7170"",""7290""]",0.151595745,"[""7290""]",0.276595745,"[""7130"",""7170""]",0.215425532,0.548076924
"[""7130"",""7170"",""7290""]",0.151595745,"[""7130"",""7170""]",0.215425532,"[""7290""]",0.276595745,0.703703705
"[""7130"",""7170"",""7290""]",0.151595745,"[""7130"",""7290""]",0.164893617,"[""7170""]",0.369680851,0.919354841
"[""7130"",""7170"",""7290""]",0.151595745,"[""7170"",""7290""]",0.218085106,"[""7130""]",0.244680851,0.695121954
"[""7130"",""7180"",""7270""]",0.159574468,"[""7130""]",0.244680851,"[""7180"",""7270""]",0.242021277,0.652173913
"[""7130"",""7180"",""7270""]",0.159574468,"[""7180""]",0.343085106,"[""7130"",""7270""]",0.180851064,0.465116279
"[""7130"",""7180"",""7270""]",0.159574468,"[""7270""]",0.321808511,"[""7130"",""7180""]",0.188829787,0.495867768
"[""7130"",""7180"",""7270""]",0.159574468,"[""7130"",""7180""]",0.188829787,"[""7270""]",0.321808511,0.845070423
"[""7130"",""7180"",""7270""]",0.159574468,"[""7130"",""7270""]",0.180851064,"[""7180""]",0.343085106,0.88235294
"[""7130"",""7180"",""7270""]",0.159574468,"[""7180"",""7270""]",0.242021277,"[""7130""]",0.244680851,0.659340658
"[""7150"",""7170"",""7190""]",0.154255319,"[""7150""]",0.247340426,"[""7170"",""7190""]",0.215425532,0.623655912
"[""7150"",""7170"",""7190""]",0.154255319,"[""7170""]",0.369680851,"[""7150"",""7190""]",0.167553191,0.417266187
"[""7150"",""7170"",""7190""]",0.154255319,"[""7190""]",0.239361702,"[""7150"",""7170""]",0.210106383,0.644444444
"[""7150"",""7170"",""7190""]",0.154255319,"[""7150"",""7170""]",0.210106383,"[""7190""]",0.239361702,0.734177214
"[""7150"",""7170"",""7190""]",0.154255319,"[""7150"",""7190""]",0.167553191,"[""7170""]",0.369680851,0.920634922
"[""7150"",""7170"",""7190""]",0.154255319,"[""7170"",""7190""]",0.215425532,"[""7150""]",0.247340426,0.716049382
"[""7150"",""7170"",""7180""]",0.194148936,"[""7150""]",0.247340426,"[""7170"",""7180""]",0.289893617,0.784946234
"[""7150"",""7170"",""7180""]",0.194148936,"[""7170""]",0.369680851,"[""7150"",""7180""]",0.212765957,0.525179856
"[""7150"",""7170"",""7180""]",0.194148936,"[""7180""]",0.343085106,"[""7150"",""7170""]",0.210106383,0.565891473
"[""7150"",""7170"",""7180""]",0.194148936,"[""7150"",""7170""]",0.210106383,"[""7180""]",0.343085106,0.924050632
"[""7150"",""7170"",""7180""]",0.194148936,"[""7150"",""7180""]",0.212765957,"[""7170""]",0.369680851,0.912500001
"[""7150"",""7170"",""7180""]",0.194148936,"[""7170"",""7180""]",0.289893617,"[""7150""]",0.247340426,0.66972477
"[""7150"",""7170"",""7270""]",0.17287234,"[""7150""]",0.247340426,"[""7170"",""7270""]",0.25,0.698924728
"[""7150"",""7170"",""7270""]",0.17287234,"[""7170""]",0.369680851,"[""7150"",""7270""]",0.188829787,0.467625898
"[""7150"",""7170"",""7270""]",0.17287234,"[""7270""]",0.321808511,"[""7150"",""7170""]",0.210106383,0.537190081
"[""7150"",""7170"",""7270""]",0.17287234,"[""7150"",""7170""]",0.210106383,"[""7270""]",0.321808511,0.822784808
"[""7150"",""7170"",""7270""]",0.17287234,"[""7150"",""7270""]",0.188829787,"[""7170""]",0.369680851,0.915492957
"[""7150"",""7170"",""7270""]",0.17287234,"[""7170"",""7270""]",0.25,"[""7150""]",0.247340426,0.69148936
"[""7150"",""7170"",""7240""]",0.154255319,"[""7150""]",0.247340426,"[""7170"",""7240""]",0.186170213,0.623655912
"[""7150"",""7170"",""7240""]",0.154255319,"[""7170""]",0.369680851,"[""7150"",""7240""]",0.164893617,0.417266187
"[""7150"",""7170"",""7240""]",0.154255319,"[""7240""]",0.228723404,"[""7150"",""7170""]",0.210106383,0.674418605
"[""7150"",""7170"",""7240""]",0.154255319,"[""7150"",""7170""]",0.210106383,"[""7240""]",0.228723404,0.734177214
"[""7150"",""7170"",""7240""]",0.154255319,"[""7150"",""7240""]",0.164893617,"[""7170""]",0.369680851,0.93548387
"[""7150"",""7170"",""7240""]",0.154255319,"[""7170"",""7240""]",0.186170213,"[""7150""]",0.247340426,0.828571427
"[""7150"",""7170"",""7290""]",0.162234043,"[""7150""]",0.247340426,"[""7170"",""7290""]",0.218085106,0.655913979
"[""7150"",""7170"",""7290""]",0.162234043,"[""7170""]",0.369680851,"[""7150"",""7290""]",0.180851064,0.438848922
"[""7150"",""7170"",""7290""]",0.162234043,"[""7290""]",0.276595745,"[""7150"",""7170""]",0.210106383,0.586538462
"[""7150"",""7170"",""7290""]",0.162234043,"[""7150"",""7170""]",0.210106383,"[""7290""]",0.276595745,0.772151901
"[""7150"",""7170"",""7290""]",0.162234043,"[""7150"",""7290""]",0.180851064,"[""7170""]",0.369680851,0.897058825
"[""7150"",""7170"",""7290""]",0.162234043,"[""7170"",""7290""]",0.218085106,"[""7150""]",0.247340426,0.743902442
"[""7150"",""7190"",""7180""]",0.162234043,"[""7150""]",0.247340426,"[""7190"",""7180""]",0.215425532,0.655913979
"[""7150"",""7190"",""7180""]",0.162234043,"[""7190""]",0.239361702,"[""7150"",""7180""]",0.212765957,0.67777778
"[""7150"",""7190"",""7180""]",0.162234043,"[""7180""]",0.343085106,"[""7150"",""7190""]",0.167553191,0.472868219
"[""7150"",""7190"",""7180""]",0.162234043,"[""7150"",""7190""]",0.167553191,"[""7180""]",0.343085106,0.968253974
"[""7150"",""7190"",""7180""]",0.162234043,"[""7150"",""7180""]",0.212765957,"[""7190""]",0.239361702,0.762500004
"[""7150"",""7190"",""7180""]",0.162234043,"[""7190"",""7180""]",0.215425532,"[""7150""]",0.247340426,0.753086422
"[""7150"",""7180"",""7270""]",0.175531915,"[""7150""]",0.247340426,"[""7180"",""7270""]",0.242021277,0.709677418
"[""7150"",""7180"",""7270""]",0.175531915,"[""7180""]",0.343085106,"[""7150"",""7270""]",0.188829787,0.511627908
"[""7150"",""7180"",""7270""]",0.175531915,"[""7270""]",0.321808511,"[""7150"",""7180""]",0.212765957,0.545454545
"[""7150"",""7180"",""7270""]",0.175531915,"[""7150"",""7180""]",0.212765957,"[""7270""]",0.321808511,0.825000002
"[""7150"",""7180"",""7270""]",0.175531915,"[""7150"",""7270""]",0.188829787,"[""7180""]",0.343085106,0.929577467
"[""7150"",""7180"",""7270""]",0.175531915,"[""7180"",""7270""]",0.242021277,"[""7150""]",0.247340426,0.725274725
"[""7150"",""7180"",""7240""]",0.151595745,"[""7150""]",0.247340426,"[""7180"",""7240""]",0.175531915,0.612903226
"[""7150"",""7180"",""7240""]",0.151595745,"[""7180""]",0.343085106,"[""7150"",""7240""]",0.164893617,0.441860467
"[""7150"",""7180"",""7240""]",0.151595745,"[""7240""]",0.228723404,"[""7150"",""7180""]",0.212765957,0.6627907
"[""7150"",""7180"",""7240""]",0.151595745,"[""7150"",""7180""]",0.212765957,"[""7240""]",0.228723404,0.712500003
"[""7150"",""7180"",""7240""]",0.151595745,"[""7150"",""7240""]",0.164893617,"[""7180""]",0.343085106,0.919354841
"[""7150"",""7180"",""7240""]",0.151595745,"[""7180"",""7240""]",0.175531915,"[""7150""]",0.247340426,0.863636365
"[""7150"",""7180"",""7290""]",0.162234043,"[""7150""]",0.247340426,"[""7180"",""7290""]",0.210106383,0.655913979
"[""7150"",""7180"",""7290""]",0.162234043,"[""7180""]",0.343085106,"[""7150"",""7290""]",0.180851064,0.472868219
"[""7150"",""7180"",""7290""]",0.162234043,"[""7290""]",0.276595745,"[""7150"",""7180""]",0.212765957,0.586538462
"[""7150"",""7180"",""7290""]",0.162234043,"[""7150"",""7180""]",0.212765957,"[""7290""]",0.276595745,0.762500004
"[""7150"",""7180"",""7290""]",0.162234043,"[""7150"",""7290""]",0.180851064,"[""7180""]",0.343085106,0.897058825
"[""7150"",""7180"",""7290""]",0.162234043,"[""7180"",""7290""]",0.210106383,"[""7150""]",0.247340426,0.772151901
"[""7150"",""7270"",""7240""]",0.151595745,"[""7150""]",0.247340426,"[""7270"",""7240""]",0.199468085,0.612903226
"[""7150"",""7270"",""7240""]",0.151595745,"[""7270""]",0.321808511,"[""7150"",""7240""]",0.164893617,0.471074381
"[""7150"",""7270"",""7240""]",0.151595745,"[""7240""]",0.228723404,"[""7150"",""7270""]",0.188829787,0.6627907
"[""7150"",""7270"",""7240""]",0.151595745,"[""7150"",""7270""]",0.188829787,"[""7240""]",0.228723404,0.802816904
"[""7150"",""7270"",""7240""]",0.151595745,"[""7150"",""7240""]",0.164893617,"[""7270""]",0.321808511,0.919354841
"[""7150"",""7270"",""7240""]",0.151595745,"[""7270"",""7240""]",0.199468085,"[""7150""]",0.247340426,0.760000002
"[""7150"",""7270"",""7290""]",0.164893617,"[""7150""]",0.247340426,"[""7270"",""7290""]",0.234042553,0.666666665
"[""7150"",""7270"",""7290""]",0.164893617,"[""7270""]",0.321808511,"[""7150"",""7290""]",0.180851064,0.512396694
"[""7150"",""7270"",""7290""]",0.164893617,"[""7290""]",0.276595745,"[""7150"",""7270""]",0.188829787,0.596153845
"[""7150"",""7270"",""7290""]",0.164893617,"[""7150"",""7270""]",0.188829787,"[""7290""]",0.276595745,0.873239438
"[""7150"",""7270"",""7290""]",0.164893617,"[""7150"",""7290""]",0.180851064,"[""7270""]",0.321808511,0.911764705
"[""7150"",""7270"",""7290""]",0.164893617,"[""7270"",""7290""]",0.234042553,"[""7150""]",0.247340426,0.704545455
"[""7170"",""7190"",""7180""]",0.194148936,"[""7170""]",0.369680851,"[""7190"",""7180""]",0.215425532,0.525179856
"[""7170"",""7190"",""7180""]",0.194148936,"[""7190""]",0.239361702,"[""7170"",""7180""]",0.289893617,0.811111111
"[""7170"",""7190"",""7180""]",0.194148936,"[""7180""]",0.343085106,"[""7170"",""7190""]",0.215425532,0.565891473
"[""7170"",""7190"",""7180""]",0.194148936,"[""7170"",""7190""]",0.215425532,"[""7180""]",0.343085106,0.901234567
"[""7170"",""7190"",""7180""]",0.194148936,"[""7170"",""7180""]",0.289893617,"[""7190""]",0.239361702,0.66972477
"[""7170"",""7190"",""7180""]",0.194148936,"[""7190"",""7180""]",0.215425532,"[""7170""]",0.369680851,0.901234567
"[""7170"",""7190"",""7270""]",0.170212766,"[""7170""]",0.369680851,"[""7190"",""7270""]",0.186170213,0.460431655
"[""7170"",""7190"",""7270""]",0.170212766,"[""7190""]",0.239361702,"[""7170"",""7270""]",0.25,0.711111112
"[""7170"",""7190"",""7270""]",0.170212766,"[""7270""]",0.321808511,"[""7170"",""7190""]",0.215425532,0.528925619
"[""7170"",""7190"",""7270""]",0.170212766,"[""7170"",""7190""]",0.215425532,"[""7270""]",0.321808511,0.790123457
"[""7170"",""7190"",""7270""]",0.170212766,"[""7170"",""7270""]",0.25,"[""7190""]",0.239361702,0.680851064
"[""7170"",""7190"",""7270""]",0.170212766,"[""7190"",""7270""]",0.186170213,"[""7170""]",0.369680851,0.914285713
"[""7170"",""7190"",""7290""]",0.167553191,"[""7170""]",0.369680851,"[""7190"",""7290""]",0.178191489,0.453237409
"[""7170"",""7190"",""7290""]",0.167553191,"[""7190""]",0.239361702,"[""7170"",""7290""]",0.218085106,0.699999998
"[""7170"",""7190"",""7290""]",0.167553191,"[""7290""]",0.276595745,"[""7170"",""7190""]",0.215425532,0.605769228
"[""7170"",""7190"",""7290""]",0.167553191,"[""7170"",""7190""]",0.215425532,"[""7290""]",0.276595745,0.777777775
"[""7170"",""7190"",""7290""]",0.167553191,"[""7170"",""7290""]",0.218085106,"[""7190""]",0.239361702,0.768292682
"[""7170"",""7190"",""7290""]",0.167553191,"[""7190"",""7290""]",0.178191489,"[""7170""]",0.369680851,0.940298507
"[""7170"",""7180"",""7270""]",0.220744681,"[""7170""]",0.369680851,"[""7180"",""7270""]",0.242021277,0.597122303
"[""7170"",""7180"",""7270""]",0.220744681,"[""7180""]",0.343085106,"[""7170"",""7270""]",0.25,0.643410854
"[""7170"",""7180"",""7270""]",0.220744681,"[""7270""]",0.321808511,"[""7170"",""7180""]",0.289893617,0.685950413
"[""7170"",""7180"",""7270""]",0.220744681,"[""7170"",""7180""]",0.289893617,"[""7270""]",0.321808511,0.76146789
"[""7170"",""7180"",""7270""]",0.220744681,"[""7170"",""7270""]",0.25,"[""7180""]",0.343085106,0.882978724
"[""7170"",""7180"",""7270""]",0.220744681,"[""7180"",""7270""]",0.242021277,"[""7170""]",0.369680851,0.912087911
"[""7170"",""7180"",""7240""]",0.162234043,"[""7170""]",0.369680851,"[""7180"",""7240""]",0.175531915,0.438848922
"[""7170"",""7180"",""7240""]",0.162234043,"[""7180""]",0.343085106,"[""7170"",""7240""]",0.186170213,0.472868219
"[""7170"",""7180"",""7240""]",0.162234043,"[""7240""]",0.228723404,"[""7170"",""7180""]",0.289893617,0.709302328
"[""7170"",""7180"",""7240""]",0.162234043,"[""7170"",""7180""]",0.289893617,"[""7240""]",0.228723404,0.559633029
"[""7170"",""7180"",""7240""]",0.162234043,"[""7170"",""7240""]",0.186170213,"[""7180""]",0.343085106,0.871428573
"[""7170"",""7180"",""7240""]",0.162234043,"[""7180"",""7240""]",0.175531915,"[""7170""]",0.369680851,0.924242426
"[""7170"",""7180"",""7230""]",0.167553191,"[""7170""]",0.369680851,"[""7180"",""7230""]",0.17287234,0.453237409
"[""7170"",""7180"",""7230""]",0.167553191,"[""7180""]",0.343085106,"[""7170"",""7230""]",0.191489362,0.488372092
"[""7170"",""7180"",""7230""]",0.167553191,"[""7230""]",0.218085106,"[""7170"",""7180""]",0.289893617,0.768292682
"[""7170"",""7180"",""7230""]",0.167553191,"[""7170"",""7180""]",0.289893617,"[""7230""]",0.218085106,0.57798165
"[""7170"",""7180"",""7230""]",0.167553191,"[""7170"",""7230""]",0.191489362,"[""7180""]",0.343085106,0.874999996
"[""7170"",""7180"",""7230""]",0.167553191,"[""7180"",""7230""]",0.17287234,"[""7170""]",0.369680851,0.969230769
"[""7170"",""7180"",""7290""]",0.199468085,"[""7170""]",0.369680851,"[""7180"",""7290""]",0.210106383,0.539568345
"[""7170"",""7180"",""7290""]",0.199468085,"[""7180""]",0.343085106,"[""7170"",""7290""]",0.218085106,0.581395349
"[""7170"",""7180"",""7290""]",0.199468085,"[""7290""]",0.276595745,"[""7170"",""7180""]",0.289893617,0.721153845
"[""7170"",""7180"",""7290""]",0.199468085,"[""7170"",""7180""]",0.289893617,"[""7290""]",0.276595745,0.688073394
"[""7170"",""7180"",""7290""]",0.199468085,"[""7170"",""7290""]",0.218085106,"[""7180""]",0.343085106,0.914634147
"[""7170"",""7180"",""7290""]",0.199468085,"[""7180"",""7290""]",0.210106383,"[""7170""]",0.369680851,0.949367088
"[""7170"",""7270"",""7240""]",0.164893617,"[""7170""]",0.369680851,"[""7270"",""7240""]",0.199468085,0.446043165
"[""7170"",""7270"",""7240""]",0.164893617,"[""7270""]",0.321808511,"[""7170"",""7240""]",0.186170213,0.512396694
"[""7170"",""7270"",""7240""]",0.164893617,"[""7240""]",0.228723404,"[""7170"",""7270""]",0.25,0.720930233
"[""7170"",""7270"",""7240""]",0.164893617,"[""7170"",""7270""]",0.25,"[""7240""]",0.228723404,0.659574468
"[""7170"",""7270"",""7240""]",0.164893617,"[""7170"",""7240""]",0.186170213,"[""7270""]",0.321808511,0.885714284
"[""7170"",""7270"",""7240""]",0.164893617,"[""7270"",""7240""]",0.199468085,"[""7170""]",0.369680851,0.826666667
"[""7170"",""7270"",""7230""]",0.162234043,"[""7170""]",0.369680851,"[""7270"",""7230""]",0.183510638,0.438848922
"[""7170"",""7270"",""7230""]",0.162234043,"[""7270""]",0.321808511,"[""7170"",""7230""]",0.191489362,0.504132232
"[""7170"",""7270"",""7230""]",0.162234043,"[""7230""]",0.218085106,"[""7170"",""7270""]",0.25,0.743902442
"[""7170"",""7270"",""7230""]",0.162234043,"[""7170"",""7270""]",0.25,"[""7230""]",0.218085106,0.648936172
"[""7170"",""7270"",""7230""]",0.162234043,"[""7170"",""7230""]",0.191489362,"[""7270""]",0.321808511,0.847222223
"[""7170"",""7270"",""7230""]",0.162234043,"[""7270"",""7230""]",0.183510638,"[""7170""]",0.369680851,0.884057975
"[""7170"",""7270"",""7290""]",0.194148936,"[""7170""]",0.369680851,"[""7270"",""7290""]",0.234042553,0.525179856
"[""7170"",""7270"",""7290""]",0.194148936,"[""7270""]",0.321808511,"[""7170"",""7290""]",0.218085106,0.603305784
"[""7170"",""7270"",""7290""]",0.194148936,"[""7290""]",0.276595745,"[""7170"",""7270""]",0.25,0.701923075
"[""7170"",""7270"",""7290""]",0.194148936,"[""7170"",""7270""]",0.25,"[""7290""]",0.276595745,0.776595744
"[""7170"",""7270"",""7290""]",0.194148936,"[""7170"",""7290""]",0.218085106,"[""7270""]",0.321808511,0.890243903
"[""7170"",""7270"",""7290""]",0.194148936,"[""7270"",""7290""]",0.234042553,"[""7170""]",0.369680851,0.829545454
"[""7170"",""7230"",""7290""]",0.151595745,"[""7170""]",0.369680851,"[""7230"",""7290""]",0.17287234,0.410071943
"[""7170"",""7230"",""7290""]",0.151595745,"[""7230""]",0.218085106,"[""7170"",""7290""]",0.218085106,0.695121954
"[""7170"",""7230"",""7290""]",0.151595745,"[""7290""]",0.276595745,"[""7170"",""7230""]",0.191489362,0.548076924
"[""7170"",""7230"",""7290""]",0.151595745,"[""7170"",""7230""]",0.191489362,"[""7290""]",0.276595745,0.791666667
"[""7170"",""7230"",""7290""]",0.151595745,"[""7170"",""7290""]",0.218085106,"[""7230""]",0.218085106,0.695121954
"[""7170"",""7230"",""7290""]",0.151595745,"[""7230"",""7290""]",0.17287234,"[""7170""]",0.369680851,0.876923081
"[""7190"",""7180"",""7270""]",0.180851064,"[""7190""]",0.239361702,"[""7180"",""7270""]",0.242021277,0.755555557
"[""7190"",""7180"",""7270""]",0.180851064,"[""7180""]",0.343085106,"[""7190"",""7270""]",0.186170213,0.527131784
"[""7190"",""7180"",""7270""]",0.180851064,"[""7270""]",0.321808511,"[""7190"",""7180""]",0.215425532,0.561983471
"[""7190"",""7180"",""7270""]",0.180851064,"[""7190"",""7180""]",0.215425532,"[""7270""]",0.321808511,0.839506173
"[""7190"",""7180"",""7270""]",0.180851064,"[""7190"",""7270""]",0.186170213,"[""7180""]",0.343085106,0.971428571
"[""7190"",""7180"",""7270""]",0.180851064,"[""7180"",""7270""]",0.242021277,"[""7190""]",0.239361702,0.747252747
"[""7190"",""7180"",""7290""]",0.170212766,"[""7190""]",0.239361702,"[""7180"",""7290""]",0.210106383,0.711111112
"[""7190"",""7180"",""7290""]",0.170212766,"[""7180""]",0.343085106,"[""7190"",""7290""]",0.178191489,0.496124032
"[""7190"",""7180"",""7290""]",0.170212766,"[""7290""]",0.276595745,"[""7190"",""7180""]",0.215425532,0.615384615
"[""7190"",""7180"",""7290""]",0.170212766,"[""7190"",""7180""]",0.215425532,"[""7290""]",0.276595745,0.790123457
"[""7190"",""7180"",""7290""]",0.170212766,"[""7190"",""7290""]",0.178191489,"[""7180""]",0.343085106,0.955223883
"[""7190"",""7180"",""7290""]",0.170212766,"[""7180"",""7290""]",0.210106383,"[""7190""]",0.239361702,0.810126582
"[""7190"",""7270"",""7290""]",0.167553191,"[""7190""]",0.239361702,"[""7270"",""7290""]",0.234042553,0.699999998
"[""7190"",""7270"",""7290""]",0.167553191,"[""7270""]",0.321808511,"[""7190"",""7290""]",0.178191489,0.520661155
"[""7190"",""7270"",""7290""]",0.167553191,"[""7290""]",0.276595745,"[""7190"",""7270""]",0.186170213,0.605769228
"[""7190"",""7270"",""7290""]",0.167553191,"[""7190"",""7270""]",0.186170213,"[""7290""]",0.276595745,0.899999996
"[""7190"",""7270"",""7290""]",0.167553191,"[""7190"",""7290""]",0.178191489,"[""7270""]",0.321808511,0.940298507
"[""7190"",""7270"",""7290""]",0.167553191,"[""7270"",""7290""]",0.234042553,"[""7190""]",0.239361702,0.715909089
"[""7180"",""7270"",""7240""]",0.164893617,"[""7180""]",0.343085106,"[""7270"",""7240""]",0.199468085,0.480620156
"[""7180"",""7270"",""7240""]",0.164893617,"[""7270""]",0.321808511,"[""7180"",""7240""]",0.175531915,0.512396694
"[""7180"",""7270"",""7240""]",0.164893617,"[""7240""]",0.228723404,"[""7180"",""7270""]",0.242021277,0.720930233
"[""7180"",""7270"",""7240""]",0.164893617,"[""7180"",""7270""]",0.242021277,"[""7240""]",0.228723404,0.68131868
"[""7180"",""7270"",""7240""]",0.164893617,"[""7180"",""7240""]",0.175531915,"[""7270""]",0.321808511,0.939393939
"[""7180"",""7270"",""7240""]",0.164893617,"[""7270"",""7240""]",0.199468085,"[""7180""]",0.343085106,0.826666667
"[""7180"",""7270"",""7230""]",0.154255319,"[""7180""]",0.343085106,"[""7270"",""7230""]",0.183510638,0.449612403
"[""7180"",""7270"",""7230""]",0.154255319,"[""7270""]",0.321808511,"[""7180"",""7230""]",0.17287234,0.479338842
"[""7180"",""7270"",""7230""]",0.154255319,"[""7230""]",0.218085106,"[""7180"",""7270""]",0.242021277,0.707317074
"[""7180"",""7270"",""7230""]",0.154255319,"[""7180"",""7270""]",0.242021277,"[""7230""]",0.218085106,0.637362636
"[""7180"",""7270"",""7230""]",0.154255319,"[""7180"",""7230""]",0.17287234,"[""7270""]",0.321808511,0.892307694
"[""7180"",""7270"",""7230""]",0.154255319,"[""7270"",""7230""]",0.183510638,"[""7180""]",0.343085106,0.840579711
"[""7180"",""7270"",""7290""]",0.194148936,"[""7180""]",0.343085106,"[""7270"",""7290""]",0.234042553,0.565891473
"[""7180"",""7270"",""7290""]",0.194148936,"[""7270""]",0.321808511,"[""7180"",""7290""]",0.210106383,0.603305784
"[""7180"",""7270"",""7290""]",0.194148936,"[""7290""]",0.276595745,"[""7180"",""7270""]",0.242021277,0.701923075
"[""7180"",""7270"",""7290""]",0.194148936,"[""7180"",""7270""]",0.242021277,"[""7290""]",0.276595745,0.8021978
"[""7180"",""7270"",""7290""]",0.194148936,"[""7180"",""7290""]",0.210106383,"[""7270""]",0.321808511,0.924050632
"[""7180"",""7270"",""7290""]",0.194148936,"[""7270"",""7290""]",0.234042553,"[""7180""]",0.343085106,0.829545454
"[""7270"",""7240"",""7260""]",0.154255319,"[""7270""]",0.321808511,"[""7240"",""7260""]",0.162234043,0.479338842
"[""7270"",""7240"",""7260""]",0.154255319,"[""7240""]",0.228723404,"[""7270"",""7260""]",0.178191489,0.674418605
"[""7270"",""7240"",""7260""]",0.154255319,"[""7260""]",0.212765957,"[""7270"",""7240""]",0.199468085,0.725000001
"[""7270"",""7240"",""7260""]",0.154255319,"[""7270"",""7240""]",0.199468085,"[""7260""]",0.212765957,0.773333333
"[""7270"",""7240"",""7260""]",0.154255319,"[""7270"",""7260""]",0.178191489,"[""7240""]",0.228723404,0.865671643
"[""7270"",""7240"",""7260""]",0.154255319,"[""7240"",""7260""]",0.162234043,"[""7270""]",0.321808511,0.950819669
"[""7270"",""7240"",""7290""]",0.170212766,"[""7270""]",0.321808511,"[""7240"",""7290""]",0.180851064,0.528925619
"[""7270"",""7240"",""7290""]",0.170212766,"[""7240""]",0.228723404,"[""7270"",""7290""]",0.234042553,0.744186048
"[""7270"",""7240"",""7290""]",0.170212766,"[""7290""]",0.276595745,"[""7270"",""7240""]",0.199468085,0.615384615
"[""7270"",""7240"",""7290""]",0.170212766,"[""7270"",""7240""]",0.199468085,"[""7290""]",0.276595745,0.853333334
"[""7270"",""7240"",""7290""]",0.170212766,"[""7270"",""7290""]",0.234042553,"[""7240""]",0.228723404,0.727272728
"[""7270"",""7240"",""7290""]",0.170212766,"[""7240"",""7290""]",0.180851064,"[""7270""]",0.321808511,0.94117647
"[""7270"",""7260"",""7290""]",0.154255319,"[""7270""]",0.321808511,"[""7260"",""7290""]",0.17287234,0.479338842
"[""7270"",""7260"",""7290""]",0.154255319,"[""7260""]",0.212765957,"[""7270"",""7290""]",0.234042553,0.725000001
"[""7270"",""7260"",""7290""]",0.154255319,"[""7290""]",0.276595745,"[""7270"",""7260""]",0.178191489,0.557692307
"[""7270"",""7260"",""7290""]",0.154255319,"[""7270"",""7260""]",0.178191489,"[""7290""]",0.276595745,0.865671643
"[""7270"",""7260"",""7290""]",0.154255319,"[""7270"",""7290""]",0.234042553,"[""7260""]",0.212765957,0.659090909
"[""7270"",""7260"",""7290""]",0.154255319,"[""7260"",""7290""]",0.17287234,"[""7270""]",0.321808511,0.892307694
"[""7270"",""7230"",""7290""]",0.159574468,"[""7270""]",0.321808511,"[""7230"",""7290""]",0.17287234,0.495867768
"[""7270"",""7230"",""7290""]",0.159574468,"[""7230""]",0.218085106,"[""7270"",""7290""]",0.234042553,0.731707318
"[""7270"",""7230"",""7290""]",0.159574468,"[""7290""]",0.276595745,"[""7270"",""7230""]",0.183510638,0.576923076
"[""7270"",""7230"",""7290""]",0.159574468,"[""7270"",""7230""]",0.183510638,"[""7290""]",0.276595745,0.869565218
"[""7270"",""7230"",""7290""]",0.159574468,"[""7270"",""7290""]",0.234042553,"[""7230""]",0.218085106,0.681818182
"[""7270"",""7230"",""7290""]",0.159574468,"[""7230"",""7290""]",0.17287234,"[""7270""]",0.321808511,0.923076925
"[""7270"",""7280"",""7290""]",0.164893617,"[""7270""]",0.321808511,"[""7280"",""7290""]",0.178191489,0.512396694
"[""7270"",""7280"",""7290""]",0.164893617,"[""7280""]",0.210106383,"[""7270"",""7290""]",0.234042553,0.784810126
"[""7270"",""7280"",""7290""]",0.164893617,"[""7290""]",0.276595745,"[""7270"",""7280""]",0.188829787,0.596153845
"[""7270"",""7280"",""7290""]",0.164893617,"[""7270"",""7280""]",0.188829787,"[""7290""]",0.276595745,0.873239438
"[""7270"",""7280"",""7290""]",0.164893617,"[""7270"",""7290""]",0.234042553,"[""7280""]",0.210106383,0.704545455
"[""7270"",""7280"",""7290""]",0.164893617,"[""7280"",""7290""]",0.178191489,"[""7270""]",0.321808511,0.925373136
"[""7210"",""7170"",""7180"",""7270""]",0.154255319,"[""7210""]",0.231382979,"[""7170"",""7180"",""7270""]",0.220744681,0.666666665
"[""7210"",""7170"",""7180"",""7270""]",0.154255319,"[""7170""]",0.369680851,"[""7210"",""7180"",""7270""]",0.167553191,0.417266187
"[""7210"",""7170"",""7180"",""7270""]",0.154255319,"[""7180""]",0.343085106,"[""7210"",""7170"",""7270""]",0.162234043,0.449612403
"[""7210"",""7170"",""7180"",""7270""]",0.154255319,"[""7270""]",0.321808511,"[""7210"",""7170"",""7180""]",0.167553191,0.479338842
"[""7210"",""7170"",""7180"",""7270""]",0.154255319,"[""7210"",""7170""]",0.191489362,"[""7180"",""7270""]",0.242021277,0.805555554
"[""7210"",""7170"",""7180"",""7270""]",0.154255319,"[""7210"",""7180""]",0.186170213,"[""7170"",""7270""]",0.25,0.828571427
"[""7210"",""7170"",""7180"",""7270""]",0.154255319,"[""7210"",""7270""]",0.194148936,"[""7170"",""7180""]",0.289893617,0.794520548
"[""7210"",""7170"",""7180"",""7270""]",0.154255319,"[""7170"",""7180""]",0.289893617,"[""7210"",""7270""]",0.194148936,0.532110091
"[""7210"",""7170"",""7180"",""7270""]",0.154255319,"[""7170"",""7270""]",0.25,"[""7210"",""7180""]",0.186170213,0.617021276
"[""7210"",""7170"",""7180"",""7270""]",0.154255319,"[""7180"",""7270""]",0.242021277,"[""7210"",""7170""]",0.191489362,0.637362636
"[""7210"",""7170"",""7180"",""7270""]",0.154255319,"[""7210"",""7170"",""7180""]",0.167553191,"[""7270""]",0.321808511,0.920634922
"[""7210"",""7170"",""7180"",""7270""]",0.154255319,"[""7210"",""7170"",""7270""]",0.162234043,"[""7180""]",0.343085106,0.950819669
"[""7210"",""7170"",""7180"",""7270""]",0.154255319,"[""7210"",""7180"",""7270""]",0.167553191,"[""7170""]",0.369680851,0.920634922
"[""7210"",""7170"",""7180"",""7270""]",0.154255319,"[""7170"",""7180"",""7270""]",0.220744681,"[""7210""]",0.231382979,0.69879518
"[""7130"",""7170"",""7180"",""7270""]",0.151595745,"[""7130""]",0.244680851,"[""7170"",""7180"",""7270""]",0.220744681,0.619565219
"[""7130"",""7170"",""7180"",""7270""]",0.151595745,"[""7170""]",0.369680851,"[""7130"",""7180"",""7270""]",0.159574468,0.410071943
"[""7130"",""7170"",""7180"",""7270""]",0.151595745,"[""7180""]",0.343085106,"[""7130"",""7170"",""7270""]",0.170212766,0.441860467
"[""7130"",""7170"",""7180"",""7270""]",0.151595745,"[""7270""]",0.321808511,"[""7130"",""7170"",""7180""]",0.175531915,0.471074381
"[""7130"",""7170"",""7180"",""7270""]",0.151595745,"[""7130"",""7170""]",0.215425532,"[""7180"",""7270""]",0.242021277,0.703703705
"[""7130"",""7170"",""7180"",""7270""]",0.151595745,"[""7130"",""7180""]",0.188829787,"[""7170"",""7270""]",0.25,0.802816904
"[""7130"",""7170"",""7180"",""7270""]",0.151595745,"[""7130"",""7270""]",0.180851064,"[""7170"",""7180""]",0.289893617,0.838235295
"[""7130"",""7170"",""7180"",""7270""]",0.151595745,"[""7170"",""7180""]",0.289893617,"[""7130"",""7270""]",0.180851064,0.522935781
"[""7130"",""7170"",""7180"",""7270""]",0.151595745,"[""7170"",""7270""]",0.25,"[""7130"",""7180""]",0.188829787,0.60638298
"[""7130"",""7170"",""7180"",""7270""]",0.151595745,"[""7180"",""7270""]",0.242021277,"[""7130"",""7170""]",0.215425532,0.626373627
"[""7130"",""7170"",""7180"",""7270""]",0.151595745,"[""7130"",""7170"",""7180""]",0.175531915,"[""7270""]",0.321808511,0.863636365
"[""7130"",""7170"",""7180"",""7270""]",0.151595745,"[""7130"",""7170"",""7270""]",0.170212766,"[""7180""]",0.343085106,0.890625002
"[""7130"",""7170"",""7180"",""7270""]",0.151595745,"[""7130"",""7180"",""7270""]",0.159574468,"[""7170""]",0.369680851,0.950000003
"[""7130"",""7170"",""7180"",""7270""]",0.151595745,"[""7170"",""7180"",""7270""]",0.220744681,"[""7130""]",0.244680851,0.686746989
"[""7150"",""7170"",""7190"",""7180""]",0.151595745,"[""7150""]",0.247340426,"[""7170"",""7190"",""7180""]",0.194148936,0.612903226
"[""7150"",""7170"",""7190"",""7180""]",0.151595745,"[""7170""]",0.369680851,"[""7150"",""7190"",""7180""]",0.162234043,0.410071943
"[""7150"",""7170"",""7190"",""7180""]",0.151595745,"[""7190""]",0.239361702,"[""7150"",""7170"",""7180""]",0.194148936,0.633333335
"[""7150"",""7170"",""7190"",""7180""]",0.151595745,"[""7180""]",0.343085106,"[""7150"",""7170"",""7190""]",0.154255319,0.441860467
"[""7150"",""7170"",""7190"",""7180""]",0.151595745,"[""7150"",""7170""]",0.210106383,"[""7190"",""7180""]",0.215425532,0.721518989
"[""7150"",""7170"",""7190"",""7180""]",0.151595745,"[""7150"",""7190""]",0.167553191,"[""7170"",""7180""]",0.289893617,0.904761909
"[""7150"",""7170"",""7190"",""7180""]",0.151595745,"[""7150"",""7180""]",0.212765957,"[""7170"",""7190""]",0.215425532,0.712500003
"[""7150"",""7170"",""7190"",""7180""]",0.151595745,"[""7170"",""7190""]",0.215425532,"[""7150"",""7180""]",0.212765957,0.703703705
"[""7150"",""7170"",""7190"",""7180""]",0.151595745,"[""7170"",""7180""]",0.289893617,"[""7150"",""7190""]",0.167553191,0.522935781
"[""7150"",""7170"",""7190"",""7180""]",0.151595745,"[""7190"",""7180""]",0.215425532,"[""7150"",""7170""]",0.210106383,0.703703705
"[""7150"",""7170"",""7190"",""7180""]",0.151595745,"[""7150"",""7170"",""7190""]",0.154255319,"[""7180""]",0.343085106,0.982758624
"[""7150"",""7170"",""7190"",""7180""]",0.151595745,"[""7150"",""7170"",""7180""]",0.194148936,"[""7190""]",0.239361702,0.78082192
"[""7150"",""7170"",""7190"",""7180""]",0.151595745,"[""7150"",""7190"",""7180""]",0.162234043,"[""7170""]",0.369680851,0.934426229
"[""7150"",""7170"",""7190"",""7180""]",0.151595745,"[""7170"",""7190"",""7180""]",0.194148936,"[""7150""]",0.247340426,0.78082192
"[""7150"",""7170"",""7180"",""7270""]",0.164893617,"[""7150""]",0.247340426,"[""7170"",""7180"",""7270""]",0.220744681,0.666666665
"[""7150"",""7170"",""7180"",""7270""]",0.164893617,"[""7170""]",0.369680851,"[""7150"",""7180"",""7270""]",0.175531915,0.446043165
"[""7150"",""7170"",""7180"",""7270""]",0.164893617,"[""7180""]",0.343085106,"[""7150"",""7170"",""7270""]",0.17287234,0.480620156
"[""7150"",""7170"",""7180"",""7270""]",0.164893617,"[""7270""]",0.321808511,"[""7150"",""7170"",""7180""]",0.194148936,0.512396694
"[""7150"",""7170"",""7180"",""7270""]",0.164893617,"[""7150"",""7170""]",0.210106383,"[""7180"",""7270""]",0.242021277,0.784810126
"[""7150"",""7170"",""7180"",""7270""]",0.164893617,"[""7150"",""7180""]",0.212765957,"[""7170"",""7270""]",0.25,0.775000002
"[""7150"",""7170"",""7180"",""7270""]",0.164893617,"[""7150"",""7270""]",0.188829787,"[""7170"",""7180""]",0.289893617,0.873239438
"[""7150"",""7170"",""7180"",""7270""]",0.164893617,"[""7170"",""7180""]",0.289893617,"[""7150"",""7270""]",0.188829787,0.568807339
"[""7150"",""7170"",""7180"",""7270""]",0.164893617,"[""7170"",""7270""]",0.25,"[""7150"",""7180""]",0.212765957,0.659574468
"[""7150"",""7170"",""7180"",""7270""]",0.164893617,"[""7180"",""7270""]",0.242021277,"[""7150"",""7170""]",0.210106383,0.68131868
"[""7150"",""7170"",""7180"",""7270""]",0.164893617,"[""7150"",""7170"",""7180""]",0.194148936,"[""7270""]",0.321808511,0.849315069
"[""7150"",""7170"",""7180"",""7270""]",0.164893617,"[""7150"",""7170"",""7270""]",0.17287234,"[""7180""]",0.343085106,0.953846156
"[""7150"",""7170"",""7180"",""7270""]",0.164893617,"[""7150"",""7180"",""7270""]",0.175531915,"[""7170""]",0.369680851,0.939393939
"[""7150"",""7170"",""7180"",""7270""]",0.164893617,"[""7170"",""7180"",""7270""]",0.220744681,"[""7150""]",0.247340426,0.746987951
"[""7150"",""7170"",""7180"",""7290""]",0.154255319,"[""7150""]",0.247340426,"[""7170"",""7180"",""7290""]",0.199468085,0.623655912
"[""7150"",""7170"",""7180"",""7290""]",0.154255319,"[""7170""]",0.369680851,"[""7150"",""7180"",""7290""]",0.162234043,0.417266187
"[""7150"",""7170"",""7180"",""7290""]",0.154255319,"[""7180""]",0.343085106,"[""7150"",""7170"",""7290""]",0.162234043,0.449612403
"[""7150"",""7170"",""7180"",""7290""]",0.154255319,"[""7290""]",0.276595745,"[""7150"",""7170"",""7180""]",0.194148936,0.557692307
"[""7150"",""7170"",""7180"",""7290""]",0.154255319,"[""7150"",""7170""]",0.210106383,"[""7180"",""7290""]",0.210106383,0.734177214
"[""7150"",""7170"",""7180"",""7290""]",0.154255319,"[""7150"",""7180""]",0.212765957,"[""7170"",""7290""]",0.218085106,0.725000001
"[""7150"",""7170"",""7180"",""7290""]",0.154255319,"[""7150"",""7290""]",0.180851064,"[""7170"",""7180""]",0.289893617,0.852941175
"[""7150"",""7170"",""7180"",""7290""]",0.154255319,"[""7170"",""7180""]",0.289893617,"[""7150"",""7290""]",0.180851064,0.532110091
"[""7150"",""7170"",""7180"",""7290""]",0.154255319,"[""7170"",""7290""]",0.218085106,"[""7150"",""7180""]",0.212765957,0.707317074
"[""7150"",""7170"",""7180"",""7290""]",0.154255319,"[""7180"",""7290""]",0.210106383,"[""7150"",""7170""]",0.210106383,0.734177214
"[""7150"",""7170"",""7180"",""7290""]",0.154255319,"[""7150"",""7170"",""7180""]",0.194148936,"[""7290""]",0.276595745,0.794520548
"[""7150"",""7170"",""7180"",""7290""]",0.154255319,"[""7150"",""7170"",""7290""]",0.162234043,"[""7180""]",0.343085106,0.950819669
"[""7150"",""7170"",""7180"",""7290""]",0.154255319,"[""7150"",""7180"",""7290""]",0.162234043,"[""7170""]",0.369680851,0.950819669
"[""7150"",""7170"",""7180"",""7290""]",0.154255319,"[""7170"",""7180"",""7290""]",0.199468085,"[""7150""]",0.247340426,0.773333333
"[""7150"",""7170"",""7270"",""7290""]",0.151595745,"[""7150""]",0.247340426,"[""7170"",""7270"",""7290""]",0.194148936,0.612903226
"[""7150"",""7170"",""7270"",""7290""]",0.151595745,"[""7170""]",0.369680851,"[""7150"",""7270"",""7290""]",0.164893617,0.410071943
"[""7150"",""7170"",""7270"",""7290""]",0.151595745,"[""7270""]",0.321808511,"[""7150"",""7170"",""7290""]",0.162234043,0.471074381
"[""7150"",""7170"",""7270"",""7290""]",0.151595745,"[""7290""]",0.276595745,"[""7150"",""7170"",""7270""]",0.17287234,0.548076924
"[""7150"",""7170"",""7270"",""7290""]",0.151595745,"[""7150"",""7170""]",0.210106383,"[""7270"",""7290""]",0.234042553,0.721518989
"[""7150"",""7170"",""7270"",""7290""]",0.151595745,"[""7150"",""7270""]",0.188829787,"[""7170"",""7290""]",0.218085106,0.802816904
"[""7150"",""7170"",""7270"",""7290""]",0.151595745,"[""7150"",""7290""]",0.180851064,"[""7170"",""7270""]",0.25,0.838235295
"[""7150"",""7170"",""7270"",""7290""]",0.151595745,"[""7170"",""7270""]",0.25,"[""7150"",""7290""]",0.180851064,0.60638298
"[""7150"",""7170"",""7270"",""7290""]",0.151595745,"[""7170"",""7290""]",0.218085106,"[""7150"",""7270""]",0.188829787,0.695121954
"[""7150"",""7170"",""7270"",""7290""]",0.151595745,"[""7270"",""7290""]",0.234042553,"[""7150"",""7170""]",0.210106383,0.647727275
"[""7150"",""7170"",""7270"",""7290""]",0.151595745,"[""7150"",""7170"",""7270""]",0.17287234,"[""7290""]",0.276595745,0.876923081
"[""7150"",""7170"",""7270"",""7290""]",0.151595745,"[""7150"",""7170"",""7290""]",0.162234043,"[""7270""]",0.321808511,0.934426229
"[""7150"",""7170"",""7270"",""7290""]",0.151595745,"[""7150"",""7270"",""7290""]",0.164893617,"[""7170""]",0.369680851,0.919354841
"[""7150"",""7170"",""7270"",""7290""]",0.151595745,"[""7170"",""7270"",""7290""]",0.194148936,"[""7150""]",0.247340426,0.78082192
"[""7150"",""7180"",""7270"",""7290""]",0.156914894,"[""7150""]",0.247340426,"[""7180"",""7270"",""7290""]",0.194148936,0.634408602
"[""7150"",""7180"",""7270"",""7290""]",0.156914894,"[""7180""]",0.343085106,"[""7150"",""7270"",""7290""]",0.164893617,0.457364343
"[""7150"",""7180"",""7270"",""7290""]",0.156914894,"[""7270""]",0.321808511,"[""7150"",""7180"",""7290""]",0.162234043,0.487603306
"[""7150"",""7180"",""7270"",""7290""]",0.156914894,"[""7290""]",0.276595745,"[""7150"",""7180"",""7270""]",0.175531915,0.567307693
"[""7150"",""7180"",""7270"",""7290""]",0.156914894,"[""7150"",""7180""]",0.212765957,"[""7270"",""7290""]",0.234042553,0.737500003
"[""7150"",""7180"",""7270"",""7290""]",0.156914894,"[""7150"",""7270""]",0.188829787,"[""7180"",""7290""]",0.210106383,0.830985919
"[""7150"",""7180"",""7270"",""7290""]",0.156914894,"[""7150"",""7290""]",0.180851064,"[""7180"",""7270""]",0.242021277,0.86764706
"[""7150"",""7180"",""7270"",""7290""]",0.156914894,"[""7180"",""7270""]",0.242021277,"[""7150"",""7290""]",0.180851064,0.648351649
"[""7150"",""7180"",""7270"",""7290""]",0.156914894,"[""7180"",""7290""]",0.210106383,"[""7150"",""7270""]",0.188829787,0.746835445
"[""7150"",""7180"",""7270"",""7290""]",0.156914894,"[""7270"",""7290""]",0.234042553,"[""7150"",""7180""]",0.212765957,0.670454548
"[""7150"",""7180"",""7270"",""7290""]",0.156914894,"[""7150"",""7180"",""7270""]",0.175531915,"[""7290""]",0.276595745,0.893939396
"[""7150"",""7180"",""7270"",""7290""]",0.156914894,"[""7150"",""7180"",""7290""]",0.162234043,"[""7270""]",0.321808511,0.967213114
"[""7150"",""7180"",""7270"",""7290""]",0.156914894,"[""7150"",""7270"",""7290""]",0.164893617,"[""7180""]",0.343085106,0.951612906
"[""7150"",""7180"",""7270"",""7290""]",0.156914894,"[""7180"",""7270"",""7290""]",0.194148936,"[""7150""]",0.247340426,0.808219181
"[""7170"",""7190"",""7180"",""7270""]",0.164893617,"[""7170""]",0.369680851,"[""7190"",""7180"",""7270""]",0.180851064,0.446043165
"[""7170"",""7190"",""7180"",""7270""]",0.164893617,"[""7190""]",0.239361702,"[""7170"",""7180"",""7270""]",0.220744681,0.688888889
"[""7170"",""7190"",""7180"",""7270""]",0.164893617,"[""7180""]",0.343085106,"[""7170"",""7190"",""7270""]",0.170212766,0.480620156
"[""7170"",""7190"",""7180"",""7270""]",0.164893617,"[""7270""]",0.321808511,"[""7170"",""7190"",""7180""]",0.194148936,0.512396694
"[""7170"",""7190"",""7180"",""7270""]",0.164893617,"[""7170"",""7190""]",0.215425532,"[""7180"",""7270""]",0.242021277,0.765432098
"[""7170"",""7190"",""7180"",""7270""]",0.164893617,"[""7170"",""7180""]",0.289893617,"[""7190"",""7270""]",0.186170213,0.568807339
"[""7170"",""7190"",""7180"",""7270""]",0.164893617,"[""7170"",""7270""]",0.25,"[""7190"",""7180""]",0.215425532,0.659574468
"[""7170"",""7190"",""7180"",""7270""]",0.164893617,"[""7190"",""7180""]",0.215425532,"[""7170"",""7270""]",0.25,0.765432098
"[""7170"",""7190"",""7180"",""7270""]",0.164893617,"[""7190"",""7270""]",0.186170213,"[""7170"",""7180""]",0.289893617,0.885714284
"[""7170"",""7190"",""7180"",""7270""]",0.164893617,"[""7180"",""7270""]",0.242021277,"[""7170"",""7190""]",0.215425532,0.68131868
"[""7170"",""7190"",""7180"",""7270""]",0.164893617,"[""7170"",""7190"",""7180""]",0.194148936,"[""7270""]",0.321808511,0.849315069
"[""7170"",""7190"",""7180"",""7270""]",0.164893617,"[""7170"",""7190"",""7270""]",0.170212766,"[""7180""]",0.343085106,0.96875
"[""7170"",""7190"",""7180"",""7270""]",0.164893617,"[""7170"",""7180"",""7270""]",0.220744681,"[""7190""]",0.239361702,0.746987951
"[""7170"",""7190"",""7180"",""7270""]",0.164893617,"[""7190"",""7180"",""7270""]",0.180851064,"[""7170""]",0.369680851,0.911764705
"[""7170"",""7190"",""7180"",""7290""]",0.162234043,"[""7170""]",0.369680851,"[""7190"",""7180"",""7290""]",0.170212766,0.438848922
"[""7170"",""7190"",""7180"",""7290""]",0.162234043,"[""7190""]",0.239361702,"[""7170"",""7180"",""7290""]",0.199468085,0.67777778
"[""7170"",""7190"",""7180"",""7290""]",0.162234043,"[""7180""]",0.343085106,"[""7170"",""7190"",""7290""]",0.167553191,0.472868219
"[""7170"",""7190"",""7180"",""7290""]",0.162234043,"[""7290""]",0.276595745,"[""7170"",""7190"",""7180""]",0.194148936,0.586538462
"[""7170"",""7190"",""7180"",""7290""]",0.162234043,"[""7170"",""7190""]",0.215425532,"[""7180"",""7290""]",0.210106383,0.753086422
"[""7170"",""7190"",""7180"",""7290""]",0.162234043,"[""7170"",""7180""]",0.289893617,"[""7190"",""7290""]",0.178191489,0.559633029
"[""7170"",""7190"",""7180"",""7290""]",0.162234043,"[""7170"",""7290""]",0.218085106,"[""7190"",""7180""]",0.215425532,0.743902442
"[""7170"",""7190"",""7180"",""7290""]",0.162234043,"[""7190"",""7180""]",0.215425532,"[""7170"",""7290""]",0.218085106,0.753086422
"[""7170"",""7190"",""7180"",""7290""]",0.162234043,"[""7190"",""7290""]",0.178191489,"[""7170"",""7180""]",0.289893617,0.910447766
"[""7170"",""7190"",""7180"",""7290""]",0.162234043,"[""7180"",""7290""]",0.210106383,"[""7170"",""7190""]",0.215425532,0.772151901
"[""7170"",""7190"",""7180"",""7290""]",0.162234043,"[""7170"",""7190"",""7180""]",0.194148936,"[""7290""]",0.276595745,0.835616441
"[""7170"",""7190"",""7180"",""7290""]",0.162234043,"[""7170"",""7190"",""7290""]",0.167553191,"[""7180""]",0.343085106,0.968253974
"[""7170"",""7190"",""7180"",""7290""]",0.162234043,"[""7170"",""7180"",""7290""]",0.199468085,"[""7190""]",0.239361702,0.813333336
"[""7170"",""7190"",""7180"",""7290""]",0.162234043,"[""7190"",""7180"",""7290""]",0.170212766,"[""7170""]",0.369680851,0.953125002
"[""7170"",""7190"",""7270"",""7290""]",0.159574468,"[""7170""]",0.369680851,"[""7190"",""7270"",""7290""]",0.167553191,0.431654676
"[""7170"",""7190"",""7270"",""7290""]",0.159574468,"[""7190""]",0.239361702,"[""7170"",""7270"",""7290""]",0.194148936,0.666666667
"[""7170"",""7190"",""7270"",""7290""]",0.159574468,"[""7270""]",0.321808511,"[""7170"",""7190"",""7290""]",0.167553191,0.495867768
"[""7170"",""7190"",""7270"",""7290""]",0.159574468,"[""7290""]",0.276595745,"[""7170"",""7190"",""7270""]",0.170212766,0.576923076
"[""7170"",""7190"",""7270"",""7290""]",0.159574468,"[""7170"",""7190""]",0.215425532,"[""7270"",""7290""]",0.234042553,0.74074074
"[""7170"",""7190"",""7270"",""7290""]",0.159574468,"[""7170"",""7270""]",0.25,"[""7190"",""7290""]",0.178191489,0.638297872
"[""7170"",""7190"",""7270"",""7290""]",0.159574468,"[""7170"",""7290""]",0.218085106,"[""7190"",""7270""]",0.186170213,0.731707318
"[""7170"",""7190"",""7270"",""7290""]",0.159574468,"[""7190"",""7270""]",0.186170213,"[""7170"",""7290""]",0.218085106,0.857142856
"[""7170"",""7190"",""7270"",""7290""]",0.159574468,"[""7190"",""7290""]",0.178191489,"[""7170"",""7270""]",0.25,0.895522389
"[""7170"",""7190"",""7270"",""7290""]",0.159574468,"[""7270"",""7290""]",0.234042553,"[""7170"",""7190""]",0.215425532,0.681818182
"[""7170"",""7190"",""7270"",""7290""]",0.159574468,"[""7170"",""7190"",""7270""]",0.170212766,"[""7290""]",0.276595745,0.937499999
"[""7170"",""7190"",""7270"",""7290""]",0.159574468,"[""7170"",""7190"",""7290""]",0.167553191,"[""7270""]",0.321808511,0.952380955
"[""7170"",""7190"",""7270"",""7290""]",0.159574468,"[""7170"",""7270"",""7290""]",0.194148936,"[""7190""]",0.239361702,0.821917809
"[""7170"",""7190"",""7270"",""7290""]",0.159574468,"[""7190"",""7270"",""7290""]",0.167553191,"[""7170""]",0.369680851,0.952380955
"[""7170"",""7180"",""7270"",""7240""]",0.151595745,"[""7170""]",0.369680851,"[""7180"",""7270"",""7240""]",0.164893617,0.410071943
"[""7170"",""7180"",""7270"",""7240""]",0.151595745,"[""7180""]",0.343085106,"[""7170"",""7270"",""7240""]",0.164893617,0.441860467
"[""7170"",""7180"",""7270"",""7240""]",0.151595745,"[""7270""]",0.321808511,"[""7170"",""7180"",""7240""]",0.162234043,0.471074381
"[""7170"",""7180"",""7270"",""7240""]",0.151595745,"[""7240""]",0.228723404,"[""7170"",""7180"",""7270""]",0.220744681,0.6627907
"[""7170"",""7180"",""7270"",""7240""]",0.151595745,"[""7170"",""7180""]",0.289893617,"[""7270"",""7240""]",0.199468085,0.522935781
"[""7170"",""7180"",""7270"",""7240""]",0.151595745,"[""7170"",""7270""]",0.25,"[""7180"",""7240""]",0.175531915,0.60638298
"[""7170"",""7180"",""7270"",""7240""]",0.151595745,"[""7170"",""7240""]",0.186170213,"[""7180"",""7270""]",0.242021277,0.814285715
"[""7170"",""7180"",""7270"",""7240""]",0.151595745,"[""7180"",""7270""]",0.242021277,"[""7170"",""7240""]",0.186170213,0.626373627
"[""7170"",""7180"",""7270"",""7240""]",0.151595745,"[""7180"",""7240""]",0.175531915,"[""7170"",""7270""]",0.25,0.863636365
"[""7170"",""7180"",""7270"",""7240""]",0.151595745,"[""7270"",""7240""]",0.199468085,"[""7170"",""7180""]",0.289893617,0.760000002
"[""7170"",""7180"",""7270"",""7240""]",0.151595745,"[""7170"",""7180"",""7270""]",0.220744681,"[""7240""]",0.228723404,0.686746989
"[""7170"",""7180"",""7270"",""7240""]",0.151595745,"[""7170"",""7180"",""7240""]",0.162234043,"[""7270""]",0.321808511,0.934426229
"[""7170"",""7180"",""7270"",""7240""]",0.151595745,"[""7170"",""7270"",""7240""]",0.164893617,"[""7180""]",0.343085106,0.919354841
"[""7170"",""7180"",""7270"",""7240""]",0.151595745,"[""7180"",""7270"",""7240""]",0.164893617,"[""7170""]",0.369680851,0.919354841
"[""7170"",""7180"",""7270"",""7290""]",0.183510638,"[""7170""]",0.369680851,"[""7180"",""7270"",""7290""]",0.194148936,0.496402877
"[""7170"",""7180"",""7270"",""7290""]",0.183510638,"[""7180""]",0.343085106,"[""7170"",""7270"",""7290""]",0.194148936,0.534883721
"[""7170"",""7180"",""7270"",""7290""]",0.183510638,"[""7270""]",0.321808511,"[""7170"",""7180"",""7290""]",0.199468085,0.570247932
"[""7170"",""7180"",""7270"",""7290""]",0.183510638,"[""7290""]",0.276595745,"[""7170"",""7180"",""7270""]",0.220744681,0.663461537
"[""7170"",""7180"",""7270"",""7290""]",0.183510638,"[""7170"",""7180""]",0.289893617,"[""7270"",""7290""]",0.234042553,0.633027522
"[""7170"",""7180"",""7270"",""7290""]",0.183510638,"[""7170"",""7270""]",0.25,"[""7180"",""7290""]",0.210106383,0.734042552
"[""7170"",""7180"",""7270"",""7290""]",0.183510638,"[""7170"",""7290""]",0.218085106,"[""7180"",""7270""]",0.242021277,0.841463415
"[""7170"",""7180"",""7270"",""7290""]",0.183510638,"[""7180"",""7270""]",0.242021277,"[""7170"",""7290""]",0.218085106,0.758241756
"[""7170"",""7180"",""7270"",""7290""]",0.183510638,"[""7180"",""7290""]",0.210106383,"[""7170"",""7270""]",0.25,0.87341772
"[""7170"",""7180"",""7270"",""7290""]",0.183510638,"[""7270"",""7290""]",0.234042553,"[""7170"",""7180""]",0.289893617,0.784090908
"[""7170"",""7180"",""7270"",""7290""]",0.183510638,"[""7170"",""7180"",""7270""]",0.220744681,"[""7290""]",0.276595745,0.831325299
"[""7170"",""7180"",""7270"",""7290""]",0.183510638,"[""7170"",""7180"",""7290""]",0.199468085,"[""7270""]",0.321808511,0.919999999
"[""7170"",""7180"",""7270"",""7290""]",0.183510638,"[""7170"",""7270"",""7290""]",0.194148936,"[""7180""]",0.343085106,0.945205479
"[""7170"",""7180"",""7270"",""7290""]",0.183510638,"[""7180"",""7270"",""7290""]",0.194148936,"[""7170""]",0.369680851,0.945205479
"[""7190"",""7180"",""7270"",""7290""]",0.164893617,"[""7190""]",0.239361702,"[""7180"",""7270"",""7290""]",0.194148936,0.688888889
"[""7190"",""7180"",""7270"",""7290""]",0.164893617,"[""7180""]",0.343085106,"[""7190"",""7270"",""7290""]",0.167553191,0.480620156
"[""7190"",""7180"",""7270"",""7290""]",0.164893617,"[""7270""]",0.321808511,"[""7190"",""7180"",""7290""]",0.170212766,0.512396694
"[""7190"",""7180"",""7270"",""7290""]",0.164893617,"[""7290""]",0.276595745,"[""7190"",""7180"",""7270""]",0.180851064,0.596153845
"[""7190"",""7180"",""7270"",""7290""]",0.164893617,"[""7190"",""7180""]",0.215425532,"[""7270"",""7290""]",0.234042553,0.765432098
"[""7190"",""7180"",""7270"",""7290""]",0.164893617,"[""7190"",""7270""]",0.186170213,"[""7180"",""7290""]",0.210106383,0.885714284
"[""7190"",""7180"",""7270"",""7290""]",0.164893617,"[""7190"",""7290""]",0.178191489,"[""7180"",""7270""]",0.242021277,0.925373136
"[""7190"",""7180"",""7270"",""7290""]",0.164893617,"[""7180"",""7270""]",0.242021277,"[""7190"",""7290""]",0.178191489,0.68131868
"[""7190"",""7180"",""7270"",""7290""]",0.164893617,"[""7180"",""7290""]",0.210106383,"[""7190"",""7270""]",0.186170213,0.784810126
"[""7190"",""7180"",""7270"",""7290""]",0.164893617,"[""7270"",""7290""]",0.234042553,"[""7190"",""7180""]",0.215425532,0.704545455
"[""7190"",""7180"",""7270"",""7290""]",0.164893617,"[""7190"",""7180"",""7270""]",0.180851064,"[""7290""]",0.276595745,0.911764705
"[""7190"",""7180"",""7270"",""7290""]",0.164893617,"[""7190"",""7180"",""7290""]",0.170212766,"[""7270""]",0.321808511,0.96875
"[""7190"",""7180"",""7270"",""7290""]",0.164893617,"[""7190"",""7270"",""7290""]",0.167553191,"[""7180""]",0.343085106,0.984126987
"[""7190"",""7180"",""7270"",""7290""]",0.164893617,"[""7180"",""7270"",""7290""]",0.194148936,"[""7190""]",0.239361702,0.849315069
"[""7170"",""7190"",""7180"",""7270"",""7290""]",0.156914894,"[""7170""]",0.369680851,"[""7190"",""7180"",""7270"",""7290""]",0.164893617,0.424460433
"[""7170"",""7190"",""7180"",""7270"",""7290""]",0.156914894,"[""7190""]",0.239361702,"[""7170"",""7180"",""7270"",""7290""]",0.183510638,0.655555558
"[""7170"",""7190"",""7180"",""7270"",""7290""]",0.156914894,"[""7180""]",0.343085106,"[""7170"",""7190"",""7270"",""7290""]",0.159574468,0.457364343
"[""7170"",""7190"",""7180"",""7270"",""7290""]",0.156914894,"[""7270""]",0.321808511,"[""7170"",""7190"",""7180"",""7290""]",0.162234043,0.487603306
"[""7170"",""7190"",""7180"",""7270"",""7290""]",0.156914894,"[""7290""]",0.276595745,"[""7170"",""7190"",""7180"",""7270""]",0.164893617,0.567307693
"[""7170"",""7190"",""7180"",""7270"",""7290""]",0.156914894,"[""7170"",""7190""]",0.215425532,"[""7180"",""7270"",""7290""]",0.194148936,0.728395063
"[""7170"",""7190"",""7180"",""7270"",""7290""]",0.156914894,"[""7170"",""7180""]",0.289893617,"[""7190"",""7270"",""7290""]",0.167553191,0.541284405
"[""7170"",""7190"",""7180"",""7270"",""7290""]",0.156914894,"[""7170"",""7270""]",0.25,"[""7190"",""7180"",""7290""]",0.170212766,0.627659576
"[""7170"",""7190"",""7180"",""7270"",""7290""]",0.156914894,"[""7170"",""7290""]",0.218085106,"[""7190"",""7180"",""7270""]",0.180851064,0.719512198
"[""7170"",""7190"",""7180"",""7270"",""7290""]",0.156914894,"[""7190"",""7180""]",0.215425532,"[""7170"",""7270"",""7290""]",0.194148936,0.728395063
"[""7170"",""7190"",""7180"",""7270"",""7290""]",0.156914894,"[""7190"",""7270""]",0.186170213,"[""7170"",""7180"",""7290""]",0.199468085,0.842857144
"[""7170"",""7190"",""7180"",""7270"",""7290""]",0.156914894,"[""7190"",""7290""]",0.178191489,"[""7170"",""7180"",""7270""]",0.220744681,0.880597019
"[""7170"",""7190"",""7180"",""7270"",""7290""]",0.156914894,"[""7180"",""7270""]",0.242021277,"[""7170"",""7190"",""7290""]",0.167553191,0.648351649
"[""7170"",""7190"",""7180"",""7270"",""7290""]",0.156914894,"[""7180"",""7290""]",0.210106383,"[""7170"",""7190"",""7270""]",0.170212766,0.746835445
"[""7170"",""7190"",""7180"",""7270"",""7290""]",0.156914894,"[""7270"",""7290""]",0.234042553,"[""7170"",""7190"",""7180""]",0.194148936,0.670454548
"[""7170"",""7190"",""7180"",""7270"",""7290""]",0.156914894,"[""7170"",""7190"",""7180""]",0.194148936,"[""7270"",""7290""]",0.234042553,0.808219181
"[""7170"",""7190"",""7180"",""7270"",""7290""]",0.156914894,"[""7170"",""7190"",""7270""]",0.170212766,"[""7180"",""7290""]",0.210106383,0.921875002
"[""7170"",""7190"",""7180"",""7270"",""7290""]",0.156914894,"[""7170"",""7190"",""7290""]",0.167553191,"[""7180"",""7270""]",0.242021277,0.936507942
"[""7170"",""7190"",""7180"",""7270"",""7290""]",0.156914894,"[""7170"",""7180"",""7270""]",0.220744681,"[""7190"",""7290""]",0.178191489,0.710843375
"[""7170"",""7190"",""7180"",""7270"",""7290""]",0.156914894,"[""7170"",""7180"",""7290""]",0.199468085,"[""7190"",""7270""]",0.186170213,0.786666669
"[""7170"",""7190"",""7180"",""7270"",""7290""]",0.156914894,"[""7170"",""7270"",""7290""]",0.194148936,"[""7190"",""7180""]",0.215425532,0.808219181
"[""7170"",""7190"",""7180"",""7270"",""7290""]",0.156914894,"[""7190"",""7180"",""7270""]",0.180851064,"[""7170"",""7290""]",0.218085106,0.86764706
"[""7170"",""7190"",""7180"",""7270"",""7290""]",0.156914894,"[""7190"",""7180"",""7290""]",0.170212766,"[""7170"",""7270""]",0.25,0.921875002
"[""7170"",""7190"",""7180"",""7270"",""7290""]",0.156914894,"[""7190"",""7270"",""7290""]",0.167553191,"[""7170"",""7180""]",0.289893617,0.936507942
"[""7170"",""7190"",""7180"",""7270"",""7290""]",0.156914894,"[""7180"",""7270"",""7290""]",0.194148936,"[""7170"",""7190""]",0.215425532,0.808219181
"[""7170"",""7190"",""7180"",""7270"",""7290""]",0.156914894,"[""7170"",""7190"",""7180"",""7270""]",0.164893617,"[""7290""]",0.276595745,0.951612906
"[""7170"",""7190"",""7180"",""7270"",""7290""]",0.156914894,"[""7170"",""7190"",""7180"",""7290""]",0.162234043,"[""7270""]",0.321808511,0.967213114
"[""7170"",""7190"",""7180"",""7270"",""7290""]",0.156914894,"[""7170"",""7190"",""7270"",""7290""]",0.159574468,"[""7180""]",0.343085106,0.983333336
"[""7170"",""7190"",""7180"",""7270"",""7290""]",0.156914894,"[""7170"",""7180"",""7270"",""7290""]",0.183510638,"[""7190""]",0.239361702,0.855072467
"[""7170"",""7190"",""7180"",""7270"",""7290""]",0.156914894,"[""7190"",""7180"",""7270"",""7290""]",0.164893617,"[""7170""]",0.369680851,0.951612906